id,city,weather_desc,temperature,temperature_category,humidity,humidity_category,wind_speed,recorded_at
1,"New York,US","overcast clouds",12.19,Cold,66,Normal,7.2,"2025-10-29 16:46:10"
2,"Los Angeles,US","clear sky",26.47,Warm,26,Dry,3.6,"2025-10-29 16:46:10"
3,"Chicago,US","few clouds",12.24,Cold,64,Normal,11.32,"2025-10-29 16:46:10"
4,"Houston,US","clear sky",17.74,Cool,38,Normal,6.69,"2025-10-29 16:46:10"
5,"Phoenix,US","clear sky",26.62,Warm,17,Dry,7.72,"2025-10-29 16:46:10"
6,"Philadelphia,US","broken clouds",12.7,Cold,69,Normal,6.17,"2025-10-29 16:46:10"
7,"San Antonio,US","clear sky",16.97,Cool,28,Dry,9.77,"2025-10-29 16:46:10"
8,"San Diego,US","clear sky",25.38,Warm,36,Normal,2.06,"2025-10-29 16:46:10"
9,"Dallas,US","few clouds",15.18,Cool,35,Normal,14.4,"2025-10-29 16:46:10"
10,"San Jose,US","clear sky",18.48,Cool,64,Normal,1.54,"2025-10-29 16:46:10"
11,"Austin,US","clear sky",16.93,Cool,31,Normal,7.72,"2025-10-29 16:46:10"
12,"Jacksonville,US","few clouds",21.49,Cool,73,Humid,1.54,"2025-10-29 16:46:10"
13,"San Francisco,US","clear sky",18.57,Cool,69,Normal,3.58,"2025-10-29 16:46:10"
14,"Columbus,US","overcast clouds",9.48,Cold,73,Humid,5.66,"2025-10-29 16:46:10"
15,"Fort Worth,US","clear sky",14.79,Cold,31,Normal,14.4,"2025-10-29 16:46:10"
16,"Charlotte,US",mist,10.5,Cold,94,Humid,4.63,"2025-10-29 16:46:10"
17,"Indianapolis,US","broken clouds",10.23,Cold,68,Normal,6.69,"2025-10-29 16:46:10"
18,"Seattle,US","scattered clouds",10.62,Cold,85,Humid,4.63,"2025-10-29 16:46:10"
19,"Denver,US","clear sky",6.62,Cold,33,Normal,0.89,"2025-10-29 16:46:10"
20,"Washington,US","clear sky",6.95,Cold,83,Humid,1.52,"2025-10-29 16:46:10"
21,"New York,US","overcast clouds",12.19,Cold,66,Normal,7.2,"2025-10-29 16:46:12"
22,"Los Angeles,US","clear sky",26.47,Warm,26,Dry,3.6,"2025-10-29 16:46:12"
23,"Chicago,US","few clouds",12.24,Cold,64,Normal,11.32,"2025-10-29 16:46:12"
24,"Houston,US","clear sky",17.74,Cool,38,Normal,6.69,"2025-10-29 16:46:12"
25,"Phoenix,US","clear sky",26.62,Warm,17,Dry,7.72,"2025-10-29 16:46:12"
26,"Philadelphia,US","broken clouds",12.7,Cold,69,Normal,6.17,"2025-10-29 16:46:12"
27,"San Antonio,US","clear sky",16.97,Cool,28,Dry,9.77,"2025-10-29 16:46:12"
28,"San Diego,US","clear sky",25.38,Warm,36,Normal,2.06,"2025-10-29 16:46:12"
29,"Dallas,US","few clouds",15.18,Cool,35,Normal,14.4,"2025-10-29 16:46:12"
30,"San Jose,US","clear sky",18.48,Cool,64,Normal,1.54,"2025-10-29 16:46:12"
31,"Austin,US","clear sky",16.93,Cool,31,Normal,7.72,"2025-10-29 16:46:12"
32,"Jacksonville,US","few clouds",21.49,Cool,73,Humid,1.54,"2025-10-29 16:46:12"
33,"San Francisco,US","clear sky",18.57,Cool,69,Normal,3.58,"2025-10-29 16:46:12"
34,"Columbus,US","overcast clouds",9.48,Cold,73,Humid,5.66,"2025-10-29 16:46:12"
35,"Fort Worth,US","clear sky",14.79,Cold,31,Normal,14.4,"2025-10-29 16:46:12"
36,"Charlotte,US",mist,10.5,Cold,94,Humid,4.63,"2025-10-29 16:46:13"
37,"Indianapolis,US","broken clouds",10.23,Cold,68,Normal,6.69,"2025-10-29 16:46:13"
38,"Seattle,US","scattered clouds",10.62,Cold,85,Humid,4.63,"2025-10-29 16:46:13"
39,"Denver,US","clear sky",6.62,Cold,33,Normal,0.89,"2025-10-29 16:46:13"
40,"Washington,US","clear sky",6.95,Cold,83,Humid,1.52,"2025-10-29 16:46:13"
41,"New York,US","overcast clouds",12.19,Cold,66,Normal,7.2,"2025-10-29 16:46:23"
42,"Los Angeles,US","clear sky",26.47,Warm,26,Dry,3.6,"2025-10-29 16:46:23"
43,"Chicago,US","few clouds",12.24,Cold,64,Normal,11.32,"2025-10-29 16:46:23"
44,"Houston,US","clear sky",17.74,Cool,38,Normal,6.69,"2025-10-29 16:46:23"
45,"Phoenix,US","clear sky",26.62,Warm,17,Dry,7.72,"2025-10-29 16:46:23"
46,"Philadelphia,US","broken clouds",12.7,Cold,69,Normal,6.17,"2025-10-29 16:46:23"
47,"San Antonio,US","clear sky",16.97,Cool,28,Dry,9.77,"2025-10-29 16:46:23"
48,"San Diego,US","clear sky",25.38,Warm,36,Normal,2.06,"2025-10-29 16:46:23"
49,"Dallas,US","few clouds",15.18,Cool,35,Normal,14.4,"2025-10-29 16:46:23"
50,"San Jose,US","clear sky",18.48,Cool,64,Normal,1.54,"2025-10-29 16:46:23"
51,"Austin,US","clear sky",16.93,Cool,31,Normal,7.72,"2025-10-29 16:46:23"
52,"Jacksonville,US","few clouds",21.49,Cool,73,Humid,1.54,"2025-10-29 16:46:24"
53,"San Francisco,US","clear sky",18.57,Cool,69,Normal,3.58,"2025-10-29 16:46:24"
54,"Columbus,US","overcast clouds",9.48,Cold,73,Humid,5.66,"2025-10-29 16:46:24"
55,"Fort Worth,US","clear sky",14.79,Cold,31,Normal,14.4,"2025-10-29 16:46:24"
56,"Charlotte,US",mist,10.5,Cold,94,Humid,4.63,"2025-10-29 16:46:24"
57,"Indianapolis,US","broken clouds",10.23,Cold,68,Normal,6.69,"2025-10-29 16:46:24"
58,"Seattle,US","scattered clouds",10.62,Cold,85,Humid,4.63,"2025-10-29 16:46:24"
59,"Denver,US","clear sky",6.62,Cold,33,Normal,0.89,"2025-10-29 16:46:24"
60,"Washington,US","clear sky",6.95,Cold,83,Humid,1.52,"2025-10-29 16:46:24"
61,"New York,US","overcast clouds",12.19,Cold,66,Normal,7.2,"2025-10-29 16:47:01"
62,"Los Angeles,US","clear sky",26.47,Warm,26,Dry,3.6,"2025-10-29 16:47:01"
63,"Chicago,US","few clouds",12.24,Cold,64,Normal,11.32,"2025-10-29 16:47:01"
64,"Houston,US","clear sky",17.74,Cool,38,Normal,6.69,"2025-10-29 16:47:01"
65,"Phoenix,US","clear sky",26.62,Warm,17,Dry,7.72,"2025-10-29 16:47:01"
66,"Philadelphia,US","broken clouds",12.7,Cold,69,Normal,6.17,"2025-10-29 16:47:01"
67,"San Antonio,US","clear sky",16.97,Cool,28,Dry,9.77,"2025-10-29 16:47:01"
68,"San Diego,US","clear sky",25.38,Warm,36,Normal,2.06,"2025-10-29 16:47:01"
69,"Dallas,US","few clouds",15.18,Cool,35,Normal,14.4,"2025-10-29 16:47:01"
70,"San Jose,US","clear sky",18.48,Cool,64,Normal,1.54,"2025-10-29 16:47:01"
71,"Austin,US","clear sky",16.93,Cool,31,Normal,7.72,"2025-10-29 16:47:02"
72,"Jacksonville,US","few clouds",21.49,Cool,73,Humid,1.54,"2025-10-29 16:47:02"
73,"San Francisco,US","clear sky",18.57,Cool,69,Normal,3.58,"2025-10-29 16:47:02"
74,"Columbus,US","overcast clouds",9.48,Cold,73,Humid,5.66,"2025-10-29 16:47:02"
75,"Fort Worth,US","clear sky",14.79,Cold,31,Normal,14.4,"2025-10-29 16:47:02"
76,"Charlotte,US",mist,10.5,Cold,94,Humid,4.63,"2025-10-29 16:47:02"
77,"Indianapolis,US","broken clouds",10.23,Cold,68,Normal,6.69,"2025-10-29 16:47:02"
78,"Seattle,US","scattered clouds",10.62,Cold,85,Humid,4.63,"2025-10-29 16:47:02"
79,"Denver,US","clear sky",6.62,Cold,33,Normal,0.89,"2025-10-29 16:47:02"
80,"Washington,US","clear sky",6.95,Cold,83,Humid,1.52,"2025-10-29 16:47:02"
81,"New York,US","overcast clouds",12.19,Cold,66,Normal,7.2,"2025-10-29 16:47:09"
82,"Los Angeles,US","clear sky",26.47,Warm,26,Dry,3.6,"2025-10-29 16:47:09"
83,"Chicago,US","few clouds",12.24,Cold,64,Normal,11.32,"2025-10-29 16:47:09"
84,"Houston,US","clear sky",17.74,Cool,38,Normal,6.69,"2025-10-29 16:47:09"
85,"Phoenix,US","clear sky",26.62,Warm,17,Dry,7.72,"2025-10-29 16:47:09"
86,"Philadelphia,US","broken clouds",12.7,Cold,69,Normal,6.17,"2025-10-29 16:47:09"
87,"San Antonio,US","clear sky",16.97,Cool,28,Dry,9.77,"2025-10-29 16:47:09"
88,"San Diego,US","clear sky",25.38,Warm,36,Normal,2.06,"2025-10-29 16:47:09"
89,"Dallas,US","few clouds",15.18,Cool,35,Normal,14.4,"2025-10-29 16:47:09"
90,"San Jose,US","clear sky",18.48,Cool,64,Normal,1.54,"2025-10-29 16:47:09"
91,"Austin,US","clear sky",16.93,Cool,31,Normal,7.72,"2025-10-29 16:47:09"
92,"Jacksonville,US","few clouds",21.49,Cool,73,Humid,1.54,"2025-10-29 16:47:09"
93,"San Francisco,US","clear sky",18.57,Cool,69,Normal,3.58,"2025-10-29 16:47:09"
94,"Columbus,US","overcast clouds",9.48,Cold,73,Humid,5.66,"2025-10-29 16:47:09"
95,"Fort Worth,US","clear sky",14.79,Cold,31,Normal,14.4,"2025-10-29 16:47:09"
96,"Charlotte,US",mist,10.5,Cold,94,Humid,4.63,"2025-10-29 16:47:09"
97,"Indianapolis,US","broken clouds",10.23,Cold,68,Normal,6.69,"2025-10-29 16:47:09"
98,"Seattle,US","scattered clouds",10.62,Cold,85,Humid,4.63,"2025-10-29 16:47:10"
99,"Denver,US","clear sky",6.62,Cold,33,Normal,0.89,"2025-10-29 16:47:10"
100,"Washington,US","clear sky",6.95,Cold,83,Humid,1.52,"2025-10-29 16:47:10"
101,"New York,US","overcast clouds",12.15,Cold,67,Normal,7.2,"2025-10-29 16:48:09"
102,"Los Angeles,US","clear sky",26.06,Warm,26,Dry,3.6,"2025-10-29 16:48:09"
103,"Chicago,US","few clouds",12.3,Cold,65,Normal,11.32,"2025-10-29 16:48:09"
104,"Houston,US","clear sky",17.83,Cool,37,Normal,6.69,"2025-10-29 16:48:09"
105,"Phoenix,US","clear sky",26.8,Warm,17,Dry,7.72,"2025-10-29 16:48:09"
106,"Philadelphia,US","broken clouds",12.68,Cold,69,Normal,6.17,"2025-10-29 16:48:09"
107,"San Antonio,US","clear sky",16.98,Cool,28,Dry,9.77,"2025-10-29 16:48:09"
108,"San Diego,US","clear sky",25.41,Warm,36,Normal,2.06,"2025-10-29 16:48:09"
109,"Dallas,US","few clouds",15.18,Cool,35,Normal,14.4,"2025-10-29 16:48:09"
110,"San Jose,US","clear sky",18.58,Cool,63,Normal,1.54,"2025-10-29 16:48:09"
111,"Austin,US","clear sky",16.81,Cool,31,Normal,7.72,"2025-10-29 16:48:09"
112,"Jacksonville,US","few clouds",21.49,Cool,73,Humid,1.54,"2025-10-29 16:48:09"
113,"San Francisco,US","clear sky",18.78,Cool,69,Normal,3.09,"2025-10-29 16:48:09"
114,"Columbus,US","overcast clouds",9.54,Cold,73,Humid,5.66,"2025-10-29 16:48:09"
115,"Fort Worth,US","clear sky",14.79,Cold,31,Normal,14.4,"2025-10-29 16:48:09"
116,"Charlotte,US",mist,10.57,Cold,94,Humid,4.63,"2025-10-29 16:48:09"
117,"Indianapolis,US","broken clouds",10.25,Cold,68,Normal,6.69,"2025-10-29 16:48:10"
118,"Seattle,US","scattered clouds",10.64,Cold,85,Humid,4.63,"2025-10-29 16:48:10"
119,"Denver,US","clear sky",6.88,Cold,32,Normal,0.89,"2025-10-29 16:48:10"
120,"Washington,US","clear sky",6.95,Cold,83,Humid,1.52,"2025-10-29 16:48:10"
121,"New York,US","overcast clouds",12.15,Cold,67,Normal,7.2,"2025-10-29 16:49:09"
122,"Los Angeles,US","clear sky",26.06,Warm,26,Dry,3.6,"2025-10-29 16:49:09"
123,"Chicago,US","few clouds",12.3,Cold,65,Normal,11.32,"2025-10-29 16:49:09"
124,"Houston,US","clear sky",17.83,Cool,37,Normal,6.69,"2025-10-29 16:49:09"
125,"Phoenix,US","clear sky",26.8,Warm,17,Dry,7.72,"2025-10-29 16:49:09"
126,"Philadelphia,US","broken clouds",12.68,Cold,69,Normal,6.17,"2025-10-29 16:49:09"
127,"San Antonio,US","clear sky",16.98,Cool,28,Dry,9.77,"2025-10-29 16:49:09"
128,"San Diego,US","clear sky",25.41,Warm,36,Normal,2.06,"2025-10-29 16:49:09"
129,"Dallas,US","few clouds",15.18,Cool,35,Normal,14.4,"2025-10-29 16:49:09"
130,"San Jose,US","clear sky",18.58,Cool,63,Normal,1.54,"2025-10-29 16:49:09"
131,"Austin,US","clear sky",16.81,Cool,31,Normal,7.72,"2025-10-29 16:49:09"
132,"Jacksonville,US","few clouds",21.49,Cool,73,Humid,1.54,"2025-10-29 16:49:09"
133,"San Francisco,US","clear sky",18.78,Cool,69,Normal,3.09,"2025-10-29 16:49:09"
134,"Columbus,US","overcast clouds",9.54,Cold,73,Humid,5.66,"2025-10-29 16:49:09"
135,"Fort Worth,US","clear sky",14.79,Cold,31,Normal,14.4,"2025-10-29 16:49:09"
136,"Charlotte,US",mist,10.57,Cold,94,Humid,4.63,"2025-10-29 16:49:09"
137,"Indianapolis,US","broken clouds",10.25,Cold,68,Normal,6.69,"2025-10-29 16:49:09"
138,"Seattle,US","scattered clouds",10.64,Cold,85,Humid,4.63,"2025-10-29 16:49:09"
139,"Denver,US","clear sky",6.88,Cold,32,Normal,0.89,"2025-10-29 16:49:09"
140,"Washington,US","clear sky",6.95,Cold,83,Humid,1.52,"2025-10-29 16:49:09"
141,"New York,US","overcast clouds",12.15,Cold,67,Normal,7.2,"2025-10-29 16:50:09"
142,"Los Angeles,US","clear sky",26.06,Warm,26,Dry,3.6,"2025-10-29 16:50:09"
143,"Chicago,US","few clouds",12.3,Cold,65,Normal,11.32,"2025-10-29 16:50:09"
144,"Houston,US","clear sky",17.83,Cool,37,Normal,6.69,"2025-10-29 16:50:09"
145,"Phoenix,US","clear sky",26.8,Warm,17,Dry,7.72,"2025-10-29 16:50:09"
146,"Philadelphia,US","broken clouds",12.68,Cold,69,Normal,6.17,"2025-10-29 16:50:09"
147,"San Antonio,US","clear sky",16.98,Cool,28,Dry,9.77,"2025-10-29 16:50:09"
148,"San Diego,US","clear sky",25.41,Warm,36,Normal,2.06,"2025-10-29 16:50:09"
149,"Dallas,US","few clouds",15.18,Cool,35,Normal,14.4,"2025-10-29 16:50:09"
150,"San Jose,US","clear sky",18.58,Cool,63,Normal,1.54,"2025-10-29 16:50:09"
151,"Austin,US","clear sky",16.81,Cool,31,Normal,7.72,"2025-10-29 16:50:09"
152,"Jacksonville,US","few clouds",21.49,Cool,73,Humid,1.54,"2025-10-29 16:50:09"
153,"San Francisco,US","clear sky",18.78,Cool,69,Normal,3.09,"2025-10-29 16:50:09"
154,"Columbus,US","overcast clouds",9.54,Cold,73,Humid,5.66,"2025-10-29 16:50:09"
155,"Fort Worth,US","clear sky",14.79,Cold,31,Normal,14.4,"2025-10-29 16:50:09"
156,"Charlotte,US",mist,10.57,Cold,94,Humid,4.63,"2025-10-29 16:50:09"
157,"Indianapolis,US","broken clouds",10.25,Cold,68,Normal,6.69,"2025-10-29 16:50:09"
158,"Seattle,US","scattered clouds",10.64,Cold,85,Humid,4.63,"2025-10-29 16:50:09"
159,"Denver,US","clear sky",6.88,Cold,32,Normal,0.89,"2025-10-29 16:50:09"
160,"Washington,US","clear sky",6.95,Cold,83,Humid,1.52,"2025-10-29 16:50:10"
161,"New York,US","overcast clouds",12.15,Cold,67,Normal,7.2,"2025-10-29 16:51:09"
162,"Los Angeles,US","clear sky",26.87,Warm,25,Dry,3.6,"2025-10-29 16:51:09"
163,"Chicago,US","few clouds",12.3,Cold,65,Normal,11.32,"2025-10-29 16:51:09"
164,"Houston,US","clear sky",17.83,Cool,37,Normal,6.69,"2025-10-29 16:51:09"
165,"Phoenix,US","clear sky",26.8,Warm,17,Dry,7.72,"2025-10-29 16:51:09"
166,"Philadelphia,US","broken clouds",12.68,Cold,69,Normal,6.17,"2025-10-29 16:51:09"
167,"San Antonio,US","clear sky",16.98,Cool,28,Dry,9.77,"2025-10-29 16:51:09"
168,"San Diego,US","clear sky",25.41,Warm,36,Normal,2.06,"2025-10-29 16:51:09"
169,"Dallas,US","few clouds",15.18,Cool,35,Normal,14.4,"2025-10-29 16:51:09"
170,"San Jose,US","clear sky",18.58,Cool,63,Normal,1.54,"2025-10-29 16:51:09"
171,"Austin,US","clear sky",16.81,Cool,31,Normal,7.72,"2025-10-29 16:51:09"
172,"Jacksonville,US","few clouds",21.49,Cool,73,Humid,1.54,"2025-10-29 16:51:09"
173,"San Francisco,US","clear sky",18.78,Cool,69,Normal,3.09,"2025-10-29 16:51:09"
174,"Columbus,US","overcast clouds",9.54,Cold,73,Humid,5.66,"2025-10-29 16:51:09"
175,"Fort Worth,US","clear sky",14.79,Cold,31,Normal,14.4,"2025-10-29 16:51:09"
176,"Charlotte,US",mist,10.57,Cold,94,Humid,4.63,"2025-10-29 16:51:09"
177,"Indianapolis,US","broken clouds",10.25,Cold,68,Normal,6.69,"2025-10-29 16:51:09"
178,"Seattle,US","scattered clouds",10.64,Cold,85,Humid,4.63,"2025-10-29 16:51:10"
179,"Denver,US","clear sky",6.88,Cold,32,Normal,0.89,"2025-10-29 16:51:10"
180,"Washington,US","clear sky",6.95,Cold,83,Humid,1.52,"2025-10-29 16:51:10"
181,"New York,US","overcast clouds",12.15,Cold,67,Normal,7.2,"2025-10-29 16:52:09"
182,"Los Angeles,US","clear sky",26.87,Warm,25,Dry,3.6,"2025-10-29 16:52:09"
183,"Chicago,US","few clouds",12.3,Cold,65,Normal,11.32,"2025-10-29 16:52:09"
184,"Houston,US","clear sky",17.83,Cool,37,Normal,6.69,"2025-10-29 16:52:09"
185,"Phoenix,US","clear sky",26.8,Warm,17,Dry,7.72,"2025-10-29 16:52:09"
186,"Philadelphia,US","broken clouds",12.68,Cold,69,Normal,6.17,"2025-10-29 16:52:09"
187,"San Antonio,US","clear sky",16.98,Cool,28,Dry,9.77,"2025-10-29 16:52:09"
188,"San Diego,US","clear sky",25.41,Warm,36,Normal,2.06,"2025-10-29 16:52:09"
189,"Dallas,US","few clouds",15.18,Cool,35,Normal,14.4,"2025-10-29 16:52:09"
190,"San Jose,US","clear sky",18.58,Cool,63,Normal,1.54,"2025-10-29 16:52:09"
191,"Austin,US","clear sky",16.81,Cool,31,Normal,7.72,"2025-10-29 16:52:09"
192,"Jacksonville,US","few clouds",21.49,Cool,73,Humid,1.54,"2025-10-29 16:52:09"
193,"San Francisco,US","clear sky",18.78,Cool,69,Normal,3.09,"2025-10-29 16:52:09"
194,"Columbus,US","overcast clouds",9.54,Cold,73,Humid,5.66,"2025-10-29 16:52:09"
195,"Fort Worth,US","clear sky",14.79,Cold,31,Normal,14.4,"2025-10-29 16:52:09"
196,"Charlotte,US",mist,10.57,Cold,94,Humid,4.63,"2025-10-29 16:52:09"
197,"Indianapolis,US","broken clouds",10.25,Cold,68,Normal,6.69,"2025-10-29 16:52:09"
198,"Seattle,US","scattered clouds",10.64,Cold,85,Humid,4.63,"2025-10-29 16:52:10"
199,"Denver,US","clear sky",6.88,Cold,32,Normal,0.89,"2025-10-29 16:52:10"
200,"Washington,US","clear sky",6.95,Cold,83,Humid,1.52,"2025-10-29 16:52:10"
201,"New York,US","overcast clouds",12.2,Cold,67,Normal,7.2,"2025-10-29 16:53:09"
202,"Los Angeles,US","clear sky",26.93,Warm,24,Dry,3.6,"2025-10-29 16:53:09"
203,"Chicago,US","few clouds",12.3,Cold,65,Normal,11.32,"2025-10-29 16:53:09"
204,"Houston,US","clear sky",17.83,Cool,37,Normal,6.69,"2025-10-29 16:53:09"
205,"Phoenix,US","clear sky",26.94,Warm,17,Dry,7.72,"2025-10-29 16:53:09"
206,"Philadelphia,US","broken clouds",12.69,Cold,69,Normal,6.17,"2025-10-29 16:53:09"
207,"San Antonio,US","clear sky",17.1,Cool,28,Dry,9.77,"2025-10-29 16:53:09"
208,"San Diego,US","clear sky",25.73,Warm,34,Normal,2.06,"2025-10-29 16:53:09"
209,"Dallas,US","clear sky",15.39,Cool,35,Normal,14.4,"2025-10-29 16:53:09"
210,"San Jose,US","clear sky",18.43,Cool,63,Normal,1.34,"2025-10-29 16:53:09"
211,"Austin,US","clear sky",16.78,Cool,31,Normal,7.72,"2025-10-29 16:53:09"
212,"Jacksonville,US","scattered clouds",21.82,Cool,73,Humid,1.54,"2025-10-29 16:53:09"
213,"San Francisco,US","clear sky",18.78,Cool,69,Normal,3.09,"2025-10-29 16:53:09"
214,"Columbus,US","overcast clouds",9.7,Cold,73,Humid,5.66,"2025-10-29 16:53:09"
215,"Fort Worth,US","clear sky",14.96,Cold,31,Normal,14.4,"2025-10-29 16:53:09"
216,"Charlotte,US",mist,10.57,Cold,94,Humid,4.63,"2025-10-29 16:53:09"
217,"Indianapolis,US","broken clouds",10.25,Cold,68,Normal,6.69,"2025-10-29 16:53:09"
218,"Seattle,US","scattered clouds",10.75,Cold,85,Humid,4.63,"2025-10-29 16:53:09"
219,"Denver,US","clear sky",6.91,Cold,32,Normal,0.89,"2025-10-29 16:53:09"
220,"Washington,US","clear sky",6.98,Cold,82,Humid,1.52,"2025-10-29 16:53:10"
221,"New York,US","overcast clouds",12.2,Cold,67,Normal,7.2,"2025-10-29 16:54:09"
222,"Los Angeles,US","clear sky",26.93,Warm,24,Dry,3.6,"2025-10-29 16:54:09"
223,"Chicago,US","few clouds",12.3,Cold,65,Normal,11.32,"2025-10-29 16:54:09"
224,"Houston,US","clear sky",17.83,Cool,37,Normal,6.69,"2025-10-29 16:54:09"
225,"Phoenix,US","clear sky",26.94,Warm,17,Dry,7.72,"2025-10-29 16:54:09"
226,"Philadelphia,US","broken clouds",12.69,Cold,69,Normal,6.17,"2025-10-29 16:54:09"
227,"San Antonio,US","clear sky",17.1,Cool,28,Dry,9.77,"2025-10-29 16:54:09"
228,"San Diego,US","clear sky",25.73,Warm,34,Normal,2.06,"2025-10-29 16:54:09"
229,"Dallas,US","clear sky",15.39,Cool,35,Normal,14.4,"2025-10-29 16:54:09"
230,"San Jose,US","clear sky",18.43,Cool,63,Normal,1.34,"2025-10-29 16:54:09"
231,"Austin,US","clear sky",16.78,Cool,31,Normal,7.72,"2025-10-29 16:54:09"
232,"Jacksonville,US","scattered clouds",21.82,Cool,73,Humid,1.54,"2025-10-29 16:54:09"
233,"San Francisco,US","clear sky",18.78,Cool,69,Normal,3.09,"2025-10-29 16:54:09"
234,"Columbus,US","overcast clouds",9.7,Cold,73,Humid,5.66,"2025-10-29 16:54:09"
235,"Fort Worth,US","clear sky",14.96,Cold,31,Normal,14.4,"2025-10-29 16:54:09"
236,"Charlotte,US",mist,10.57,Cold,94,Humid,4.63,"2025-10-29 16:54:09"
237,"Indianapolis,US","broken clouds",10.25,Cold,68,Normal,6.69,"2025-10-29 16:54:09"
238,"Seattle,US","scattered clouds",10.75,Cold,85,Humid,4.63,"2025-10-29 16:54:09"
239,"Denver,US","clear sky",6.91,Cold,32,Normal,0.89,"2025-10-29 16:54:09"
240,"Washington,US","clear sky",6.98,Cold,82,Humid,1.52,"2025-10-29 16:54:09"
241,"New York,US","overcast clouds",12.2,Cold,67,Normal,7.2,"2025-10-29 16:55:09"
242,"Los Angeles,US","clear sky",26.93,Warm,24,Dry,3.6,"2025-10-29 16:55:09"
243,"Chicago,US","few clouds",12.3,Cold,65,Normal,11.32,"2025-10-29 16:55:09"
244,"Houston,US","clear sky",17.83,Cool,37,Normal,6.69,"2025-10-29 16:55:09"
245,"Phoenix,US","clear sky",26.94,Warm,17,Dry,7.72,"2025-10-29 16:55:09"
246,"Philadelphia,US","broken clouds",12.69,Cold,69,Normal,6.17,"2025-10-29 16:55:09"
247,"San Antonio,US","clear sky",17.1,Cool,28,Dry,9.77,"2025-10-29 16:55:09"
248,"San Diego,US","clear sky",25.73,Warm,34,Normal,2.06,"2025-10-29 16:55:09"
249,"Dallas,US","clear sky",15.39,Cool,35,Normal,14.4,"2025-10-29 16:55:09"
250,"San Jose,US","clear sky",18.43,Cool,63,Normal,1.34,"2025-10-29 16:55:09"
251,"Austin,US","clear sky",17.01,Cool,30,Normal,7.72,"2025-10-29 16:55:09"
252,"Jacksonville,US","scattered clouds",21.82,Cool,73,Humid,1.54,"2025-10-29 16:55:09"
253,"San Francisco,US","clear sky",18.78,Cool,69,Normal,3.09,"2025-10-29 16:55:09"
254,"Columbus,US","overcast clouds",9.7,Cold,73,Humid,5.66,"2025-10-29 16:55:09"
255,"Fort Worth,US","clear sky",14.96,Cold,31,Normal,14.4,"2025-10-29 16:55:09"
256,"Charlotte,US",mist,10.57,Cold,94,Humid,4.63,"2025-10-29 16:55:09"
257,"Indianapolis,US","broken clouds",10.25,Cold,68,Normal,6.69,"2025-10-29 16:55:09"
258,"Seattle,US","scattered clouds",10.75,Cold,85,Humid,4.63,"2025-10-29 16:55:09"
259,"Denver,US","clear sky",6.91,Cold,32,Normal,0.89,"2025-10-29 16:55:10"
260,"Washington,US","clear sky",6.98,Cold,82,Humid,1.52,"2025-10-29 16:55:10"
261,"New York,US","overcast clouds",12.21,Cold,67,Normal,7.2,"2025-10-29 16:56:09"
262,"Los Angeles,US","clear sky",26.93,Warm,24,Dry,3.6,"2025-10-29 16:56:09"
263,"Chicago,US","few clouds",12.3,Cold,65,Normal,11.32,"2025-10-29 16:56:09"
264,"Houston,US","clear sky",17.83,Cool,37,Normal,6.69,"2025-10-29 16:56:09"
265,"Phoenix,US","clear sky",26.94,Warm,17,Dry,7.72,"2025-10-29 16:56:09"
266,"Philadelphia,US","broken clouds",12.69,Cold,69,Normal,6.17,"2025-10-29 16:56:09"
267,"San Antonio,US","clear sky",17.1,Cool,28,Dry,9.77,"2025-10-29 16:56:09"
268,"San Diego,US","clear sky",25.73,Warm,34,Normal,2.06,"2025-10-29 16:56:09"
269,"Dallas,US","clear sky",15.39,Cool,35,Normal,14.4,"2025-10-29 16:56:09"
270,"San Jose,US","clear sky",18.43,Cool,63,Normal,1.34,"2025-10-29 16:56:09"
271,"Austin,US","clear sky",17.01,Cool,30,Normal,7.72,"2025-10-29 16:56:09"
272,"Jacksonville,US","scattered clouds",21.82,Cool,73,Humid,1.54,"2025-10-29 16:56:09"
273,"San Francisco,US","clear sky",18.78,Cool,69,Normal,3.09,"2025-10-29 16:56:09"
274,"Columbus,US","overcast clouds",9.7,Cold,73,Humid,5.66,"2025-10-29 16:56:09"
275,"Fort Worth,US","clear sky",14.96,Cold,31,Normal,14.4,"2025-10-29 16:56:09"
276,"Charlotte,US",mist,10.57,Cold,94,Humid,4.63,"2025-10-29 16:56:09"
277,"Indianapolis,US","broken clouds",10.25,Cold,68,Normal,6.69,"2025-10-29 16:56:09"
278,"Seattle,US","scattered clouds",10.75,Cold,85,Humid,4.63,"2025-10-29 16:56:09"
279,"Denver,US","clear sky",6.91,Cold,32,Normal,0.89,"2025-10-29 16:56:10"
280,"Washington,US","clear sky",6.98,Cold,82,Humid,1.52,"2025-10-29 16:56:10"
281,"New York,US","overcast clouds",12.21,Cold,67,Normal,7.2,"2025-10-29 16:57:09"
282,"Los Angeles,US","clear sky",26.93,Warm,24,Dry,3.6,"2025-10-29 16:57:09"
283,"Chicago,US","few clouds",12.3,Cold,65,Normal,11.32,"2025-10-29 16:57:09"
284,"Houston,US","clear sky",17.83,Cool,37,Normal,6.69,"2025-10-29 16:57:09"
285,"Phoenix,US","clear sky",26.94,Warm,17,Dry,7.72,"2025-10-29 16:57:09"
286,"Philadelphia,US","broken clouds",12.69,Cold,69,Normal,6.17,"2025-10-29 16:57:09"
287,"San Antonio,US","clear sky",17.1,Cool,28,Dry,9.77,"2025-10-29 16:57:09"
288,"San Diego,US","clear sky",25.73,Warm,34,Normal,2.06,"2025-10-29 16:57:09"
289,"Dallas,US","clear sky",15.39,Cool,35,Normal,14.4,"2025-10-29 16:57:09"
290,"San Jose,US","clear sky",18.43,Cool,63,Normal,1.34,"2025-10-29 16:57:09"
291,"Austin,US","clear sky",17.01,Cool,30,Normal,7.72,"2025-10-29 16:57:09"
292,"Jacksonville,US","scattered clouds",21.82,Cool,73,Humid,1.54,"2025-10-29 16:57:10"
293,"San Francisco,US","clear sky",18.78,Cool,69,Normal,3.09,"2025-10-29 16:57:10"
294,"Columbus,US","overcast clouds",9.7,Cold,73,Humid,5.66,"2025-10-29 16:57:10"
295,"Fort Worth,US","clear sky",14.96,Cold,31,Normal,14.4,"2025-10-29 16:57:10"
296,"Charlotte,US",mist,10.57,Cold,94,Humid,4.63,"2025-10-29 16:57:10"
297,"Indianapolis,US","broken clouds",10.25,Cold,68,Normal,6.69,"2025-10-29 16:57:10"
298,"Seattle,US","scattered clouds",10.75,Cold,85,Humid,4.63,"2025-10-29 16:57:10"
299,"Denver,US","clear sky",6.91,Cold,32,Normal,0.89,"2025-10-29 16:57:10"
300,"Washington,US","clear sky",6.98,Cold,82,Humid,1.52,"2025-10-29 16:57:10"
301,"New York,US","overcast clouds",12.21,Cold,67,Normal,7.2,"2025-10-29 16:58:09"
302,"Los Angeles,US","clear sky",26.96,Warm,24,Dry,3.6,"2025-10-29 16:58:09"
303,"Chicago,US","few clouds",12.34,Cold,65,Normal,11.32,"2025-10-29 16:58:09"
304,"Houston,US","clear sky",17.94,Cool,37,Normal,6.69,"2025-10-29 16:58:09"
305,"Phoenix,US","clear sky",27.22,Warm,17,Dry,9.26,"2025-10-29 16:58:09"
306,"Philadelphia,US","broken clouds",12.77,Cold,69,Normal,6.17,"2025-10-29 16:58:09"
307,"San Antonio,US","clear sky",17.31,Cool,27,Dry,9.77,"2025-10-29 16:58:09"
308,"San Diego,US","clear sky",26.07,Warm,34,Normal,2.06,"2025-10-29 16:58:09"
309,"Dallas,US","clear sky",15.6,Cool,35,Normal,14.4,"2025-10-29 16:58:09"
310,"San Jose,US","clear sky",18.56,Cool,63,Normal,1.34,"2025-10-29 16:58:09"
311,"Austin,US","clear sky",16.99,Cool,31,Normal,7.72,"2025-10-29 16:58:09"
312,"Jacksonville,US","scattered clouds",21.88,Cool,73,Humid,1.54,"2025-10-29 16:58:09"
313,"San Francisco,US","clear sky",18.94,Cool,68,Normal,3.09,"2025-10-29 16:58:09"
314,"Columbus,US","light rain",9.86,Cold,72,Humid,5.66,"2025-10-29 16:58:09"
315,"Fort Worth,US","clear sky",14.98,Cold,30,Normal,13.89,"2025-10-29 16:58:09"
316,"Charlotte,US",mist,10.58,Cold,94,Humid,4.63,"2025-10-29 16:58:09"
317,"Indianapolis,US","overcast clouds",10.41,Cold,68,Normal,6.17,"2025-10-29 16:58:10"
318,"Seattle,US","scattered clouds",10.83,Cold,85,Humid,4.63,"2025-10-29 16:58:10"
319,"Denver,US","clear sky",6.76,Cold,32,Normal,1.34,"2025-10-29 16:58:10"
320,"Washington,US","clear sky",6.98,Cold,82,Humid,1.52,"2025-10-29 16:58:10"
321,"New York,US","overcast clouds",12.22,Cold,66,Normal,7.2,"2025-10-29 16:59:09"
322,"Los Angeles,US","clear sky",26.87,Warm,25,Dry,3.6,"2025-10-29 16:59:09"
323,"Chicago,US","few clouds",12.39,Cold,65,Normal,11.32,"2025-10-29 16:59:09"
324,"Houston,US","clear sky",17.94,Cool,37,Normal,6.69,"2025-10-29 16:59:09"
325,"Phoenix,US","clear sky",27.2,Warm,17,Dry,9.26,"2025-10-29 16:59:09"
326,"Philadelphia,US","broken clouds",12.85,Cold,69,Normal,6.17,"2025-10-29 16:59:09"
327,"San Antonio,US","clear sky",17.31,Cool,27,Dry,9.77,"2025-10-29 16:59:09"
328,"San Diego,US","clear sky",26.07,Warm,34,Normal,2.06,"2025-10-29 16:59:09"
329,"Dallas,US","clear sky",15.6,Cool,35,Normal,14.4,"2025-10-29 16:59:09"
330,"San Jose,US","clear sky",18.77,Cool,62,Normal,1.34,"2025-10-29 16:59:09"
331,"Austin,US","clear sky",17.08,Cool,30,Normal,7.72,"2025-10-29 16:59:09"
332,"Jacksonville,US","scattered clouds",21.88,Cool,73,Humid,1.54,"2025-10-29 16:59:09"
333,"San Francisco,US","clear sky",18.94,Cool,68,Normal,3.09,"2025-10-29 16:59:09"
334,"Columbus,US","light rain",9.93,Cold,72,Humid,5.66,"2025-10-29 16:59:09"
335,"Fort Worth,US","clear sky",14.98,Cold,30,Normal,13.89,"2025-10-29 16:59:09"
336,"Charlotte,US",mist,10.62,Cold,94,Humid,4.63,"2025-10-29 16:59:09"
337,"Indianapolis,US","overcast clouds",10.41,Cold,68,Normal,6.17,"2025-10-29 16:59:09"
338,"Seattle,US","scattered clouds",10.83,Cold,85,Humid,4.63,"2025-10-29 16:59:09"
339,"Denver,US","clear sky",6.8,Cold,32,Normal,1.34,"2025-10-29 16:59:10"
340,"Washington,US","clear sky",7.37,Cold,82,Humid,1.52,"2025-10-29 16:59:10"
341,"New York,US","overcast clouds",12.22,Cold,66,Normal,7.2,"2025-10-29 17:00:09"
342,"Los Angeles,US","clear sky",26.87,Warm,25,Dry,3.6,"2025-10-29 17:00:09"
343,"Chicago,US","few clouds",12.39,Cold,65,Normal,11.32,"2025-10-29 17:00:09"
344,"Houston,US","clear sky",17.94,Cool,37,Normal,6.69,"2025-10-29 17:00:09"
345,"Phoenix,US","clear sky",27.2,Warm,17,Dry,9.26,"2025-10-29 17:00:09"
346,"Philadelphia,US","broken clouds",12.85,Cold,69,Normal,6.17,"2025-10-29 17:00:09"
347,"San Antonio,US","clear sky",17.31,Cool,27,Dry,9.77,"2025-10-29 17:00:09"
348,"San Diego,US","clear sky",26.07,Warm,34,Normal,2.06,"2025-10-29 17:00:09"
349,"Dallas,US","clear sky",15.6,Cool,35,Normal,14.4,"2025-10-29 17:00:09"
350,"San Jose,US","clear sky",18.77,Cool,62,Normal,1.34,"2025-10-29 17:00:09"
351,"Austin,US","clear sky",17.08,Cool,30,Normal,7.72,"2025-10-29 17:00:09"
352,"Jacksonville,US","scattered clouds",21.88,Cool,73,Humid,1.54,"2025-10-29 17:00:09"
353,"San Francisco,US","clear sky",18.94,Cool,68,Normal,3.09,"2025-10-29 17:00:09"
354,"Columbus,US","light rain",9.93,Cold,72,Humid,5.66,"2025-10-29 17:00:09"
355,"Fort Worth,US","clear sky",14.98,Cold,30,Normal,13.89,"2025-10-29 17:00:09"
356,"Charlotte,US",mist,10.62,Cold,94,Humid,4.63,"2025-10-29 17:00:09"
357,"Indianapolis,US","overcast clouds",10.41,Cold,68,Normal,6.17,"2025-10-29 17:00:09"
358,"Seattle,US","scattered clouds",10.83,Cold,85,Humid,4.63,"2025-10-29 17:00:10"
359,"Denver,US","clear sky",6.8,Cold,32,Normal,1.34,"2025-10-29 17:00:10"
360,"Washington,US","clear sky",7.37,Cold,82,Humid,1.52,"2025-10-29 17:00:10"
361,"New York,US","overcast clouds",12.22,Cold,66,Normal,7.2,"2025-10-29 17:01:09"
362,"Los Angeles,US","clear sky",26.87,Warm,25,Dry,3.6,"2025-10-29 17:01:09"
363,"Chicago,US","few clouds",12.39,Cold,65,Normal,11.32,"2025-10-29 17:01:09"
364,"Houston,US","clear sky",17.94,Cool,37,Normal,6.69,"2025-10-29 17:01:09"
365,"Phoenix,US","clear sky",27.2,Warm,17,Dry,9.26,"2025-10-29 17:01:09"
366,"Philadelphia,US","broken clouds",12.85,Cold,69,Normal,6.17,"2025-10-29 17:01:09"
367,"San Antonio,US","clear sky",17.31,Cool,27,Dry,9.77,"2025-10-29 17:01:09"
368,"San Diego,US","clear sky",26.07,Warm,34,Normal,2.06,"2025-10-29 17:01:09"
369,"Dallas,US","clear sky",15.6,Cool,35,Normal,14.4,"2025-10-29 17:01:09"
370,"San Jose,US","clear sky",18.77,Cool,62,Normal,1.34,"2025-10-29 17:01:09"
371,"Austin,US","clear sky",17.08,Cool,30,Normal,7.72,"2025-10-29 17:01:09"
372,"Jacksonville,US","scattered clouds",21.88,Cool,73,Humid,1.54,"2025-10-29 17:01:10"
373,"San Francisco,US","clear sky",18.94,Cool,68,Normal,3.09,"2025-10-29 17:01:10"
374,"Columbus,US","light rain",9.93,Cold,72,Humid,5.66,"2025-10-29 17:01:10"
375,"Fort Worth,US","clear sky",14.98,Cold,30,Normal,13.89,"2025-10-29 17:01:10"
376,"Charlotte,US",mist,10.62,Cold,94,Humid,4.63,"2025-10-29 17:01:10"
377,"Indianapolis,US","overcast clouds",10.41,Cold,68,Normal,6.17,"2025-10-29 17:01:10"
378,"Seattle,US","scattered clouds",10.83,Cold,85,Humid,4.63,"2025-10-29 17:01:10"
379,"Denver,US","clear sky",6.8,Cold,32,Normal,1.34,"2025-10-29 17:01:10"
380,"Washington,US","clear sky",7.37,Cold,82,Humid,1.52,"2025-10-29 17:01:10"
381,"New York,US","overcast clouds",12.22,Cold,66,Normal,7.2,"2025-10-29 17:02:09"
382,"Los Angeles,US","clear sky",27.19,Warm,24,Dry,3.6,"2025-10-29 17:02:09"
383,"Chicago,US","few clouds",12.39,Cold,65,Normal,11.32,"2025-10-29 17:02:09"
384,"Houston,US","clear sky",17.94,Cool,37,Normal,6.69,"2025-10-29 17:02:09"
385,"Phoenix,US","clear sky",27.2,Warm,17,Dry,9.26,"2025-10-29 17:02:09"
386,"Philadelphia,US","broken clouds",12.85,Cold,69,Normal,6.17,"2025-10-29 17:02:09"
387,"San Antonio,US","clear sky",17.31,Cool,27,Dry,9.77,"2025-10-29 17:02:09"
388,"San Diego,US","clear sky",26.07,Warm,34,Normal,2.06,"2025-10-29 17:02:09"
389,"Dallas,US","clear sky",15.6,Cool,35,Normal,14.4,"2025-10-29 17:02:09"
390,"San Jose,US","clear sky",18.77,Cool,62,Normal,1.34,"2025-10-29 17:02:09"
391,"Austin,US","clear sky",17.08,Cool,30,Normal,7.72,"2025-10-29 17:02:09"
392,"Jacksonville,US","scattered clouds",21.88,Cool,73,Humid,1.54,"2025-10-29 17:02:09"
393,"San Francisco,US","clear sky",18.94,Cool,68,Normal,3.09,"2025-10-29 17:02:09"
394,"Columbus,US","light rain",9.93,Cold,72,Humid,5.66,"2025-10-29 17:02:09"
395,"Fort Worth,US","clear sky",14.98,Cold,30,Normal,13.89,"2025-10-29 17:02:09"
396,"Charlotte,US",mist,10.62,Cold,94,Humid,4.63,"2025-10-29 17:02:09"
397,"Indianapolis,US","overcast clouds",10.41,Cold,68,Normal,6.17,"2025-10-29 17:02:09"
398,"Seattle,US","scattered clouds",10.83,Cold,85,Humid,4.63,"2025-10-29 17:02:09"
399,"Denver,US","clear sky",6.8,Cold,32,Normal,1.34,"2025-10-29 17:02:09"
400,"Washington,US","clear sky",7.37,Cold,82,Humid,1.52,"2025-10-29 17:02:09"
401,"New York,US","overcast clouds",12.22,Cold,66,Normal,7.2,"2025-10-29 17:03:09"
402,"Los Angeles,US","clear sky",27.19,Warm,24,Dry,3.6,"2025-10-29 17:03:09"
403,"Chicago,US","few clouds",12.39,Cold,65,Normal,11.32,"2025-10-29 17:03:09"
404,"Houston,US","clear sky",17.94,Cool,37,Normal,6.69,"2025-10-29 17:03:09"
405,"Phoenix,US","clear sky",27.2,Warm,17,Dry,9.26,"2025-10-29 17:03:09"
406,"Philadelphia,US","broken clouds",12.85,Cold,69,Normal,6.17,"2025-10-29 17:03:09"
407,"San Antonio,US","clear sky",17.31,Cool,27,Dry,9.77,"2025-10-29 17:03:09"
408,"San Diego,US","clear sky",26.07,Warm,34,Normal,2.06,"2025-10-29 17:03:09"
409,"Dallas,US","clear sky",15.6,Cool,35,Normal,14.4,"2025-10-29 17:03:09"
410,"San Jose,US","clear sky",18.77,Cool,62,Normal,1.34,"2025-10-29 17:03:09"
411,"Austin,US","clear sky",17.08,Cool,30,Normal,7.72,"2025-10-29 17:03:09"
412,"Jacksonville,US","scattered clouds",21.88,Cool,73,Humid,1.54,"2025-10-29 17:03:09"
413,"San Francisco,US","clear sky",18.94,Cool,68,Normal,3.09,"2025-10-29 17:03:09"
414,"Columbus,US","light rain",9.93,Cold,72,Humid,5.66,"2025-10-29 17:03:09"
415,"Fort Worth,US","clear sky",14.98,Cold,30,Normal,13.89,"2025-10-29 17:03:09"
416,"Charlotte,US",mist,10.62,Cold,94,Humid,4.63,"2025-10-29 17:03:09"
417,"Indianapolis,US","overcast clouds",10.41,Cold,68,Normal,6.17,"2025-10-29 17:03:09"
418,"Seattle,US","scattered clouds",10.83,Cold,85,Humid,4.63,"2025-10-29 17:03:09"
419,"Denver,US","clear sky",6.8,Cold,32,Normal,1.34,"2025-10-29 17:03:10"
420,"Washington,US","clear sky",7.37,Cold,82,Humid,1.52,"2025-10-29 17:03:10"
421,"New York,US","overcast clouds",12.22,Cold,66,Normal,7.2,"2025-10-29 17:04:09"
422,"Los Angeles,US","clear sky",27.19,Warm,24,Dry,3.6,"2025-10-29 17:04:09"
423,"Chicago,US","few clouds",12.39,Cold,65,Normal,11.32,"2025-10-29 17:04:09"
424,"Houston,US","clear sky",17.94,Cool,37,Normal,6.69,"2025-10-29 17:04:09"
425,"Phoenix,US","clear sky",27.2,Warm,17,Dry,9.26,"2025-10-29 17:04:09"
426,"Philadelphia,US","broken clouds",12.85,Cold,69,Normal,6.17,"2025-10-29 17:04:09"
427,"San Antonio,US","clear sky",17.31,Cool,27,Dry,9.77,"2025-10-29 17:04:09"
428,"San Diego,US","clear sky",26.07,Warm,34,Normal,2.06,"2025-10-29 17:04:09"
429,"Dallas,US","clear sky",15.6,Cool,35,Normal,14.4,"2025-10-29 17:04:09"
430,"San Jose,US","clear sky",18.77,Cool,62,Normal,1.34,"2025-10-29 17:04:09"
431,"Austin,US","clear sky",17.08,Cool,30,Normal,7.72,"2025-10-29 17:04:09"
432,"Jacksonville,US","scattered clouds",21.88,Cool,73,Humid,1.54,"2025-10-29 17:04:09"
433,"San Francisco,US","clear sky",18.94,Cool,68,Normal,3.09,"2025-10-29 17:04:09"
434,"Columbus,US","light rain",9.93,Cold,72,Humid,5.66,"2025-10-29 17:04:09"
435,"Fort Worth,US","clear sky",14.98,Cold,30,Normal,13.89,"2025-10-29 17:04:09"
436,"Charlotte,US",mist,10.62,Cold,94,Humid,4.63,"2025-10-29 17:04:09"
437,"Indianapolis,US","overcast clouds",10.41,Cold,68,Normal,6.17,"2025-10-29 17:04:09"
438,"Seattle,US","scattered clouds",10.83,Cold,85,Humid,4.63,"2025-10-29 17:04:09"
439,"Denver,US","clear sky",6.8,Cold,32,Normal,1.34,"2025-10-29 17:04:10"
440,"Washington,US","clear sky",7.37,Cold,82,Humid,1.52,"2025-10-29 17:04:10"
441,"New York,US","overcast clouds",12.21,Cold,67,Normal,7.2,"2025-10-29 17:05:09"
442,"Los Angeles,US","clear sky",27.53,Warm,23,Dry,2.57,"2025-10-29 17:05:09"
443,"Chicago,US","few clouds",12.5,Cold,64,Normal,9.26,"2025-10-29 17:05:09"
444,"Houston,US","clear sky",18.13,Cool,36,Normal,6.71,"2025-10-29 17:05:09"
445,"Phoenix,US","clear sky",27.3,Warm,16,Dry,9.26,"2025-10-29 17:05:09"
446,"Philadelphia,US","broken clouds",12.87,Cold,69,Normal,6.17,"2025-10-29 17:05:09"
447,"San Antonio,US","clear sky",17.8,Cool,25,Dry,10.29,"2025-10-29 17:05:09"
448,"San Diego,US","clear sky",25.81,Warm,32,Normal,2.06,"2025-10-29 17:05:09"
449,"Dallas,US","clear sky",15.97,Cool,34,Normal,15.95,"2025-10-29 17:05:09"
450,"San Jose,US","clear sky",18.32,Cool,61,Normal,1.34,"2025-10-29 17:05:09"
451,"Austin,US","clear sky",17.01,Cool,30,Normal,7.72,"2025-10-29 17:05:09"
452,"Jacksonville,US","scattered clouds",21.64,Cool,70,Humid,4.12,"2025-10-29 17:05:09"
453,"San Francisco,US","clear sky",19.23,Cool,67,Normal,2.68,"2025-10-29 17:05:09"
454,"Columbus,US","light rain",10.03,Cold,72,Humid,5.66,"2025-10-29 17:05:09"
455,"Fort Worth,US","clear sky",15.15,Cool,30,Normal,13.89,"2025-10-29 17:05:09"
456,"Charlotte,US",mist,10.71,Cold,94,Humid,4.63,"2025-10-29 17:05:09"
457,"Indianapolis,US","overcast clouds",10.46,Cold,68,Normal,6.17,"2025-10-29 17:05:10"
458,"Seattle,US","few clouds",10.91,Cold,85,Humid,5.14,"2025-10-29 17:05:10"
459,"Denver,US","clear sky",7.47,Cold,31,Normal,0.89,"2025-10-29 17:05:10"
460,"Washington,US","clear sky",7.37,Cold,82,Humid,1.52,"2025-10-29 17:05:10"
461,"New York,US","overcast clouds",12.28,Cold,68,Normal,5.66,"2025-10-29 17:06:09"
462,"Los Angeles,US","clear sky",27.19,Warm,24,Dry,3.6,"2025-10-29 17:06:09"
463,"Chicago,US","few clouds",12.39,Cold,65,Normal,11.32,"2025-10-29 17:06:09"
464,"Houston,US","clear sky",17.94,Cool,37,Normal,6.69,"2025-10-29 17:06:09"
465,"Phoenix,US","clear sky",27.2,Warm,17,Dry,9.26,"2025-10-29 17:06:09"
466,"Philadelphia,US","broken clouds",12.85,Cold,69,Normal,6.17,"2025-10-29 17:06:09"
467,"San Antonio,US","clear sky",17.31,Cool,27,Dry,9.77,"2025-10-29 17:06:09"
468,"San Diego,US","clear sky",26.07,Warm,34,Normal,2.06,"2025-10-29 17:06:09"
469,"Dallas,US","clear sky",15.6,Cool,35,Normal,14.4,"2025-10-29 17:06:09"
470,"San Jose,US","clear sky",18.77,Cool,62,Normal,1.34,"2025-10-29 17:06:09"
471,"Austin,US","clear sky",17.08,Cool,30,Normal,7.72,"2025-10-29 17:06:09"
472,"Jacksonville,US","scattered clouds",21.88,Cool,73,Humid,1.54,"2025-10-29 17:06:09"
473,"San Francisco,US","clear sky",18.94,Cool,68,Normal,3.09,"2025-10-29 17:06:09"
474,"Columbus,US","light rain",9.93,Cold,72,Humid,5.66,"2025-10-29 17:06:09"
475,"Fort Worth,US","clear sky",14.98,Cold,30,Normal,13.89,"2025-10-29 17:06:09"
476,"Charlotte,US",mist,10.62,Cold,94,Humid,4.63,"2025-10-29 17:06:09"
477,"Indianapolis,US","overcast clouds",10.41,Cold,68,Normal,6.17,"2025-10-29 17:06:09"
478,"Seattle,US","scattered clouds",10.83,Cold,85,Humid,4.63,"2025-10-29 17:06:09"
479,"Denver,US","clear sky",6.8,Cold,32,Normal,1.34,"2025-10-29 17:06:09"
480,"Washington,US","clear sky",7.37,Cold,82,Humid,1.52,"2025-10-29 17:06:09"
481,"New York,US","overcast clouds",12.28,Cold,68,Normal,5.66,"2025-10-29 17:07:09"
482,"Los Angeles,US","clear sky",27.19,Warm,24,Dry,3.6,"2025-10-29 17:07:09"
483,"Chicago,US","few clouds",12.39,Cold,65,Normal,11.32,"2025-10-29 17:07:09"
484,"Houston,US","clear sky",17.94,Cool,37,Normal,6.69,"2025-10-29 17:07:09"
485,"Phoenix,US","clear sky",27.2,Warm,17,Dry,9.26,"2025-10-29 17:07:09"
486,"Philadelphia,US","broken clouds",12.85,Cold,69,Normal,6.17,"2025-10-29 17:07:09"
487,"San Antonio,US","clear sky",17.31,Cool,27,Dry,9.77,"2025-10-29 17:07:09"
488,"San Diego,US","clear sky",26.07,Warm,34,Normal,2.06,"2025-10-29 17:07:09"
489,"Dallas,US","clear sky",15.6,Cool,35,Normal,14.4,"2025-10-29 17:07:09"
490,"San Jose,US","clear sky",18.77,Cool,62,Normal,1.34,"2025-10-29 17:07:09"
491,"Austin,US","clear sky",17.08,Cool,30,Normal,7.72,"2025-10-29 17:07:09"
492,"Jacksonville,US","scattered clouds",21.88,Cool,73,Humid,1.54,"2025-10-29 17:07:09"
493,"San Francisco,US","clear sky",18.94,Cool,68,Normal,3.09,"2025-10-29 17:07:09"
494,"Columbus,US","light rain",9.93,Cold,72,Humid,5.66,"2025-10-29 17:07:09"
495,"Fort Worth,US","clear sky",14.98,Cold,30,Normal,13.89,"2025-10-29 17:07:09"
496,"Charlotte,US",mist,10.62,Cold,94,Humid,4.63,"2025-10-29 17:07:09"
497,"Indianapolis,US","overcast clouds",10.41,Cold,68,Normal,6.17,"2025-10-29 17:07:09"
498,"Seattle,US","scattered clouds",10.83,Cold,85,Humid,4.63,"2025-10-29 17:07:09"
499,"Denver,US","clear sky",6.8,Cold,32,Normal,1.34,"2025-10-29 17:07:10"
500,"Washington,US","clear sky",7.37,Cold,82,Humid,1.52,"2025-10-29 17:07:10"
501,"New York,US","overcast clouds",12.28,Cold,68,Normal,5.66,"2025-10-29 17:08:09"
502,"Los Angeles,US","clear sky",27.19,Warm,24,Dry,3.6,"2025-10-29 17:08:09"
503,"Chicago,US","few clouds",12.39,Cold,65,Normal,11.32,"2025-10-29 17:08:09"
504,"Houston,US","clear sky",17.94,Cool,37,Normal,6.69,"2025-10-29 17:08:09"
505,"Phoenix,US","clear sky",27.2,Warm,17,Dry,9.26,"2025-10-29 17:08:09"
506,"Philadelphia,US","broken clouds",12.85,Cold,69,Normal,6.17,"2025-10-29 17:08:09"
507,"San Antonio,US","clear sky",17.31,Cool,27,Dry,9.77,"2025-10-29 17:08:09"
508,"San Diego,US","clear sky",26.07,Warm,34,Normal,2.06,"2025-10-29 17:08:09"
509,"Dallas,US","clear sky",15.6,Cool,35,Normal,14.4,"2025-10-29 17:08:09"
510,"San Jose,US","clear sky",18.77,Cool,62,Normal,1.34,"2025-10-29 17:08:09"
511,"Austin,US","clear sky",17.08,Cool,30,Normal,7.72,"2025-10-29 17:08:09"
512,"Jacksonville,US","scattered clouds",21.88,Cool,73,Humid,1.54,"2025-10-29 17:08:09"
513,"San Francisco,US","clear sky",18.94,Cool,68,Normal,3.09,"2025-10-29 17:08:09"
514,"Columbus,US","light rain",9.93,Cold,72,Humid,5.66,"2025-10-29 17:08:09"
515,"Fort Worth,US","clear sky",14.98,Cold,30,Normal,13.89,"2025-10-29 17:08:09"
516,"Charlotte,US",mist,10.62,Cold,94,Humid,4.63,"2025-10-29 17:08:09"
517,"Indianapolis,US","overcast clouds",10.41,Cold,68,Normal,6.17,"2025-10-29 17:08:09"
518,"Seattle,US","scattered clouds",10.83,Cold,85,Humid,4.63,"2025-10-29 17:08:09"
519,"Denver,US","clear sky",6.8,Cold,32,Normal,1.34,"2025-10-29 17:08:10"
520,"Washington,US","clear sky",7.37,Cold,82,Humid,1.52,"2025-10-29 17:08:10"
521,"New York,US","overcast clouds",12.28,Cold,68,Normal,5.66,"2025-10-29 17:09:09"
522,"Los Angeles,US","clear sky",27.19,Warm,24,Dry,3.6,"2025-10-29 17:09:09"
523,"Chicago,US","few clouds",12.39,Cold,65,Normal,11.32,"2025-10-29 17:09:09"
524,"Houston,US","clear sky",17.94,Cool,37,Normal,6.69,"2025-10-29 17:09:09"
525,"Phoenix,US","clear sky",27.2,Warm,17,Dry,9.26,"2025-10-29 17:09:09"
526,"Philadelphia,US","broken clouds",12.85,Cold,69,Normal,6.17,"2025-10-29 17:09:09"
527,"San Antonio,US","clear sky",17.31,Cool,27,Dry,9.77,"2025-10-29 17:09:09"
528,"San Diego,US","clear sky",26.07,Warm,34,Normal,2.06,"2025-10-29 17:09:09"
529,"Dallas,US","few clouds",16.03,Cool,33,Normal,15.95,"2025-10-29 17:09:09"
530,"San Jose,US","clear sky",18.34,Cool,61,Normal,1.34,"2025-10-29 17:09:09"
531,"Austin,US","clear sky",17.43,Cool,29,Dry,12.35,"2025-10-29 17:09:09"
532,"Jacksonville,US","scattered clouds",21.88,Cool,73,Humid,1.54,"2025-10-29 17:09:09"
533,"San Francisco,US","clear sky",18.94,Cool,68,Normal,3.09,"2025-10-29 17:09:09"
534,"Columbus,US","light rain",9.93,Cold,72,Humid,5.66,"2025-10-29 17:09:09"
535,"Fort Worth,US","clear sky",14.98,Cold,30,Normal,13.89,"2025-10-29 17:09:09"
536,"Charlotte,US",mist,10.62,Cold,94,Humid,4.63,"2025-10-29 17:09:09"
537,"Indianapolis,US","overcast clouds",10.41,Cold,68,Normal,6.17,"2025-10-29 17:09:09"
538,"Seattle,US","scattered clouds",10.83,Cold,85,Humid,4.63,"2025-10-29 17:09:10"
539,"Denver,US","clear sky",6.8,Cold,32,Normal,1.34,"2025-10-29 17:09:10"
540,"Washington,US","clear sky",7.37,Cold,82,Humid,1.52,"2025-10-29 17:09:10"
541,"New York,US","overcast clouds",12.28,Cold,68,Normal,5.66,"2025-10-29 17:10:09"
542,"Los Angeles,US","clear sky",27.19,Warm,24,Dry,3.6,"2025-10-29 17:10:09"
543,"Chicago,US","few clouds",12.49,Cold,65,Normal,9.26,"2025-10-29 17:10:09"
544,"Houston,US","clear sky",18.2,Cool,35,Normal,10.8,"2025-10-29 17:10:09"
545,"Phoenix,US","clear sky",27.53,Warm,16,Dry,9.26,"2025-10-29 17:10:09"
546,"Philadelphia,US","broken clouds",12.99,Cold,69,Normal,5.66,"2025-10-29 17:10:09"
547,"San Antonio,US","clear sky",17.74,Cool,25,Dry,10.29,"2025-10-29 17:10:09"
548,"San Diego,US","clear sky",26.5,Warm,30,Normal,2.06,"2025-10-29 17:10:09"
549,"Dallas,US","few clouds",16.03,Cool,33,Normal,15.95,"2025-10-29 17:10:09"
550,"San Jose,US","clear sky",18.34,Cool,61,Normal,1.34,"2025-10-29 17:10:09"
551,"Austin,US","clear sky",17.43,Cool,29,Dry,12.35,"2025-10-29 17:10:09"
552,"Jacksonville,US","scattered clouds",21.91,Cool,69,Normal,4.12,"2025-10-29 17:10:09"
553,"San Francisco,US","clear sky",19.36,Cool,67,Normal,2.68,"2025-10-29 17:10:09"
554,"Columbus,US","light rain",10.01,Cold,72,Humid,5.66,"2025-10-29 17:10:09"
555,"Fort Worth,US","clear sky",15.26,Cool,30,Normal,13.89,"2025-10-29 17:10:09"
556,"Charlotte,US",mist,10.7,Cold,94,Humid,4.63,"2025-10-29 17:10:09"
557,"Indianapolis,US","overcast clouds",10.4,Cold,69,Normal,6.69,"2025-10-29 17:10:09"
558,"Seattle,US","scattered clouds",11.09,Cold,85,Humid,5.14,"2025-10-29 17:10:09"
559,"Denver,US","clear sky",7.87,Cold,31,Normal,0.89,"2025-10-29 17:10:10"
560,"Washington,US","clear sky",7.46,Cold,80,Humid,1.52,"2025-10-29 17:10:10"
561,"New York,US","overcast clouds",12.28,Cold,68,Normal,5.66,"2025-10-29 17:11:09"
562,"Los Angeles,US","clear sky",27.19,Warm,24,Dry,3.6,"2025-10-29 17:11:09"
563,"Chicago,US","few clouds",12.49,Cold,65,Normal,9.26,"2025-10-29 17:11:09"
564,"Houston,US","clear sky",18.2,Cool,35,Normal,10.8,"2025-10-29 17:11:09"
565,"Phoenix,US","clear sky",27.53,Warm,16,Dry,9.26,"2025-10-29 17:11:09"
566,"Philadelphia,US","broken clouds",12.99,Cold,69,Normal,5.66,"2025-10-29 17:11:09"
567,"San Antonio,US","clear sky",17.74,Cool,25,Dry,10.29,"2025-10-29 17:11:09"
568,"San Diego,US","clear sky",26.5,Warm,30,Normal,2.06,"2025-10-29 17:11:09"
569,"Dallas,US","few clouds",16.03,Cool,33,Normal,15.95,"2025-10-29 17:11:09"
570,"San Jose,US","clear sky",18.34,Cool,61,Normal,1.34,"2025-10-29 17:11:09"
571,"Austin,US","clear sky",17.43,Cool,29,Dry,12.35,"2025-10-29 17:11:09"
572,"Jacksonville,US","scattered clouds",21.91,Cool,69,Normal,4.12,"2025-10-29 17:11:09"
573,"San Francisco,US","clear sky",19.36,Cool,67,Normal,2.68,"2025-10-29 17:11:09"
574,"Columbus,US","light rain",10.01,Cold,72,Humid,5.66,"2025-10-29 17:11:09"
575,"Fort Worth,US","clear sky",15.26,Cool,30,Normal,13.89,"2025-10-29 17:11:09"
576,"Charlotte,US",mist,10.7,Cold,94,Humid,4.63,"2025-10-29 17:11:09"
577,"Indianapolis,US","overcast clouds",10.4,Cold,69,Normal,6.69,"2025-10-29 17:11:09"
578,"Seattle,US","scattered clouds",11.09,Cold,85,Humid,5.14,"2025-10-29 17:11:09"
579,"Denver,US","clear sky",7.87,Cold,31,Normal,0.89,"2025-10-29 17:11:09"
580,"Washington,US","clear sky",7.46,Cold,80,Humid,1.52,"2025-10-29 17:11:10"
581,"New York,US","overcast clouds",12.28,Cold,68,Normal,5.66,"2025-10-29 17:12:09"
582,"Los Angeles,US","clear sky",27.19,Warm,24,Dry,3.6,"2025-10-29 17:12:09"
583,"Chicago,US","few clouds",12.49,Cold,65,Normal,9.26,"2025-10-29 17:12:09"
584,"Houston,US","clear sky",18.2,Cool,35,Normal,10.8,"2025-10-29 17:12:09"
585,"Phoenix,US","clear sky",27.53,Warm,16,Dry,9.26,"2025-10-29 17:12:09"
586,"Philadelphia,US","broken clouds",12.99,Cold,69,Normal,5.66,"2025-10-29 17:12:09"
587,"San Antonio,US","clear sky",17.74,Cool,25,Dry,10.29,"2025-10-29 17:12:09"
588,"San Diego,US","clear sky",26.5,Warm,30,Normal,2.06,"2025-10-29 17:12:09"
589,"Dallas,US","few clouds",16.03,Cool,33,Normal,15.95,"2025-10-29 17:12:09"
590,"San Jose,US","clear sky",18.34,Cool,61,Normal,1.34,"2025-10-29 17:12:09"
591,"Austin,US","clear sky",17.43,Cool,29,Dry,12.35,"2025-10-29 17:12:09"
592,"Jacksonville,US","scattered clouds",21.91,Cool,69,Normal,4.12,"2025-10-29 17:12:09"
593,"San Francisco,US","clear sky",19.36,Cool,67,Normal,2.68,"2025-10-29 17:12:09"
594,"Columbus,US","light rain",10.01,Cold,72,Humid,5.66,"2025-10-29 17:12:09"
595,"Fort Worth,US","clear sky",15.26,Cool,30,Normal,13.89,"2025-10-29 17:12:09"
596,"Charlotte,US",mist,10.7,Cold,94,Humid,4.63,"2025-10-29 17:12:09"
597,"Indianapolis,US","overcast clouds",10.4,Cold,69,Normal,6.69,"2025-10-29 17:12:09"
598,"Seattle,US","scattered clouds",11.09,Cold,85,Humid,5.14,"2025-10-29 17:12:10"
599,"Denver,US","clear sky",7.87,Cold,31,Normal,0.89,"2025-10-29 17:12:10"
600,"Washington,US","clear sky",7.46,Cold,80,Humid,1.52,"2025-10-29 17:12:10"
601,"New York,US","overcast clouds",12.28,Cold,68,Normal,5.66,"2025-10-29 17:13:09"
602,"Los Angeles,US","clear sky",27.4,Warm,22,Dry,2.57,"2025-10-29 17:13:09"
603,"Chicago,US","few clouds",12.49,Cold,65,Normal,9.26,"2025-10-29 17:13:09"
604,"Houston,US","clear sky",18.2,Cool,35,Normal,10.8,"2025-10-29 17:13:09"
605,"Phoenix,US","clear sky",27.53,Warm,16,Dry,9.26,"2025-10-29 17:13:09"
606,"Philadelphia,US","broken clouds",12.99,Cold,69,Normal,5.66,"2025-10-29 17:13:09"
607,"San Antonio,US","clear sky",17.74,Cool,25,Dry,10.29,"2025-10-29 17:13:09"
608,"San Diego,US","clear sky",26.5,Warm,30,Normal,2.06,"2025-10-29 17:13:09"
609,"Dallas,US","few clouds",16.03,Cool,33,Normal,15.95,"2025-10-29 17:13:09"
610,"San Jose,US","clear sky",18.34,Cool,61,Normal,1.34,"2025-10-29 17:13:09"
611,"Austin,US","clear sky",17.43,Cool,29,Dry,12.35,"2025-10-29 17:13:09"
612,"Jacksonville,US","scattered clouds",21.91,Cool,69,Normal,4.12,"2025-10-29 17:13:09"
613,"San Francisco,US","clear sky",19.36,Cool,67,Normal,2.68,"2025-10-29 17:13:09"
614,"Columbus,US","light rain",10.01,Cold,72,Humid,5.66,"2025-10-29 17:13:09"
615,"Fort Worth,US","clear sky",15.26,Cool,30,Normal,13.89,"2025-10-29 17:13:09"
616,"Charlotte,US",mist,10.7,Cold,94,Humid,4.63,"2025-10-29 17:13:09"
617,"Indianapolis,US","overcast clouds",10.4,Cold,69,Normal,6.69,"2025-10-29 17:13:09"
618,"Seattle,US","scattered clouds",11.09,Cold,85,Humid,5.14,"2025-10-29 17:13:09"
619,"Denver,US","clear sky",7.87,Cold,31,Normal,0.89,"2025-10-29 17:13:10"
620,"Washington,US","clear sky",7.46,Cold,80,Humid,1.52,"2025-10-29 17:13:10"
621,"New York,US","overcast clouds",12.28,Cold,68,Normal,5.66,"2025-10-29 17:14:09"
622,"Los Angeles,US","clear sky",27.4,Warm,22,Dry,2.57,"2025-10-29 17:14:09"
623,"Chicago,US","few clouds",12.49,Cold,65,Normal,9.26,"2025-10-29 17:14:09"
624,"Houston,US","clear sky",18.2,Cool,35,Normal,10.8,"2025-10-29 17:14:09"
625,"Phoenix,US","clear sky",27.53,Warm,16,Dry,9.26,"2025-10-29 17:14:09"
626,"Philadelphia,US","broken clouds",12.99,Cold,69,Normal,5.66,"2025-10-29 17:14:09"
627,"San Antonio,US","clear sky",17.74,Cool,25,Dry,10.29,"2025-10-29 17:14:09"
628,"San Diego,US","clear sky",26.5,Warm,30,Normal,2.06,"2025-10-29 17:14:09"
629,"Dallas,US","few clouds",16.03,Cool,33,Normal,15.95,"2025-10-29 17:14:09"
630,"San Jose,US","clear sky",18.34,Cool,61,Normal,1.34,"2025-10-29 17:14:09"
631,"Austin,US","clear sky",17.43,Cool,29,Dry,12.35,"2025-10-29 17:14:09"
632,"Jacksonville,US","scattered clouds",21.91,Cool,69,Normal,4.12,"2025-10-29 17:14:09"
633,"San Francisco,US","clear sky",19.36,Cool,67,Normal,2.68,"2025-10-29 17:14:09"
634,"Columbus,US","light rain",10.01,Cold,72,Humid,5.66,"2025-10-29 17:14:09"
635,"Fort Worth,US","clear sky",15.26,Cool,30,Normal,13.89,"2025-10-29 17:14:09"
636,"Charlotte,US",mist,10.7,Cold,94,Humid,4.63,"2025-10-29 17:14:09"
637,"Indianapolis,US","overcast clouds",10.4,Cold,69,Normal,6.69,"2025-10-29 17:14:09"
638,"Seattle,US","scattered clouds",11.09,Cold,85,Humid,5.14,"2025-10-29 17:14:09"
639,"Denver,US","clear sky",7.87,Cold,31,Normal,0.89,"2025-10-29 17:14:09"
640,"Washington,US","clear sky",7.46,Cold,80,Humid,1.52,"2025-10-29 17:14:09"
641,"New York,US","overcast clouds",12.35,Cold,68,Normal,6.17,"2025-10-29 17:15:09"
642,"Los Angeles,US","clear sky",27.4,Warm,22,Dry,2.57,"2025-10-29 17:15:09"
643,"Chicago,US","few clouds",12.49,Cold,65,Normal,9.26,"2025-10-29 17:15:09"
644,"Houston,US","clear sky",18.13,Cool,36,Normal,10.8,"2025-10-29 17:15:09"
645,"Phoenix,US","clear sky",27.57,Warm,16,Dry,9.26,"2025-10-29 17:15:09"
646,"Philadelphia,US","broken clouds",12.99,Cold,69,Normal,5.66,"2025-10-29 17:15:09"
647,"San Antonio,US","clear sky",17.75,Cool,25,Dry,10.29,"2025-10-29 17:15:09"
648,"San Diego,US","clear sky",26.5,Warm,30,Normal,2.06,"2025-10-29 17:15:09"
649,"Dallas,US","few clouds",16.02,Cool,33,Normal,15.95,"2025-10-29 17:15:09"
650,"San Jose,US","clear sky",18.28,Cool,62,Normal,1.34,"2025-10-29 17:15:09"
651,"Austin,US","clear sky",17.43,Cool,29,Dry,12.35,"2025-10-29 17:15:09"
652,"Jacksonville,US","scattered clouds",21.91,Cool,69,Normal,4.12,"2025-10-29 17:15:09"
653,"San Francisco,US","clear sky",19.33,Cool,67,Normal,2.68,"2025-10-29 17:15:09"
654,"Columbus,US","light rain",10,Cold,72,Humid,5.66,"2025-10-29 17:15:09"
655,"Fort Worth,US","clear sky",15.3,Cool,30,Normal,13.89,"2025-10-29 17:15:09"
656,"Charlotte,US",mist,10.67,Cold,94,Humid,4.63,"2025-10-29 17:15:09"
657,"Indianapolis,US","overcast clouds",10.45,Cold,69,Normal,6.69,"2025-10-29 17:15:09"
658,"Seattle,US","scattered clouds",11.09,Cold,85,Humid,5.14,"2025-10-29 17:15:09"
659,"Denver,US","clear sky",7.87,Cold,31,Normal,0.89,"2025-10-29 17:15:10"
660,"Washington,US","clear sky",7.46,Cold,80,Humid,1.52,"2025-10-29 17:15:10"
661,"New York,US","overcast clouds",12.35,Cold,68,Normal,6.17,"2025-10-29 17:16:09"
662,"Los Angeles,US","clear sky",27.4,Warm,22,Dry,2.57,"2025-10-29 17:16:09"
663,"Chicago,US","few clouds",12.49,Cold,65,Normal,9.26,"2025-10-29 17:16:09"
664,"Houston,US","clear sky",18.13,Cool,36,Normal,10.8,"2025-10-29 17:16:09"
665,"Phoenix,US","clear sky",27.57,Warm,16,Dry,9.26,"2025-10-29 17:16:09"
666,"Philadelphia,US","broken clouds",12.99,Cold,69,Normal,5.66,"2025-10-29 17:16:09"
667,"San Antonio,US","clear sky",17.75,Cool,25,Dry,10.29,"2025-10-29 17:16:09"
668,"San Diego,US","clear sky",26.5,Warm,30,Normal,2.06,"2025-10-29 17:16:09"
669,"Dallas,US","few clouds",16.02,Cool,33,Normal,15.95,"2025-10-29 17:16:09"
670,"San Jose,US","clear sky",18.28,Cool,62,Normal,1.34,"2025-10-29 17:16:09"
671,"Austin,US","clear sky",17.43,Cool,29,Dry,12.35,"2025-10-29 17:16:09"
672,"Jacksonville,US","scattered clouds",21.91,Cool,69,Normal,4.12,"2025-10-29 17:16:09"
673,"San Francisco,US","clear sky",19.33,Cool,67,Normal,2.68,"2025-10-29 17:16:09"
674,"Columbus,US","light rain",10,Cold,72,Humid,5.66,"2025-10-29 17:16:09"
675,"Fort Worth,US","clear sky",15.3,Cool,30,Normal,13.89,"2025-10-29 17:16:09"
676,"Charlotte,US",mist,10.67,Cold,94,Humid,4.63,"2025-10-29 17:16:09"
677,"Indianapolis,US","overcast clouds",10.45,Cold,69,Normal,6.69,"2025-10-29 17:16:09"
678,"Seattle,US","scattered clouds",11.09,Cold,85,Humid,5.14,"2025-10-29 17:16:09"
679,"Denver,US","clear sky",7.87,Cold,31,Normal,0.89,"2025-10-29 17:16:10"
680,"Washington,US","clear sky",7.46,Cold,80,Humid,1.52,"2025-10-29 17:16:10"
681,"New York,US","overcast clouds",12.35,Cold,68,Normal,6.17,"2025-10-29 17:17:09"
682,"Los Angeles,US","clear sky",27.4,Warm,22,Dry,2.57,"2025-10-29 17:17:09"
683,"Chicago,US","few clouds",12.49,Cold,65,Normal,9.26,"2025-10-29 17:17:09"
684,"Houston,US","clear sky",18.23,Cool,35,Normal,10.8,"2025-10-29 17:17:09"
685,"Phoenix,US","clear sky",27.57,Warm,16,Dry,9.26,"2025-10-29 17:17:09"
686,"Philadelphia,US","broken clouds",12.99,Cold,69,Normal,5.66,"2025-10-29 17:17:09"
687,"San Antonio,US","clear sky",17.75,Cool,25,Dry,10.29,"2025-10-29 17:17:09"
688,"San Diego,US","clear sky",26.5,Warm,30,Normal,2.06,"2025-10-29 17:17:09"
689,"Dallas,US","few clouds",16.02,Cool,33,Normal,15.95,"2025-10-29 17:17:09"
690,"San Jose,US","clear sky",18.28,Cool,62,Normal,1.34,"2025-10-29 17:17:09"
691,"Austin,US","clear sky",17.43,Cool,29,Dry,12.35,"2025-10-29 17:17:09"
692,"Jacksonville,US","scattered clouds",21.91,Cool,69,Normal,4.12,"2025-10-29 17:17:09"
693,"San Francisco,US","clear sky",19.33,Cool,67,Normal,2.68,"2025-10-29 17:17:09"
694,"Columbus,US","light rain",10,Cold,72,Humid,5.66,"2025-10-29 17:17:09"
695,"Fort Worth,US","clear sky",15.3,Cool,30,Normal,13.89,"2025-10-29 17:17:09"
696,"Charlotte,US",mist,10.67,Cold,94,Humid,4.63,"2025-10-29 17:17:09"
697,"Indianapolis,US","overcast clouds",10.45,Cold,69,Normal,6.69,"2025-10-29 17:17:09"
698,"Seattle,US","scattered clouds",11.09,Cold,85,Humid,5.14,"2025-10-29 17:17:10"
699,"Denver,US","clear sky",7.87,Cold,31,Normal,0.89,"2025-10-29 17:17:10"
700,"Washington,US","clear sky",7.46,Cold,80,Humid,1.52,"2025-10-29 17:17:10"
701,"New York,US","overcast clouds",12.31,Cold,68,Normal,6.17,"2025-10-29 17:18:09"
702,"Los Angeles,US","clear sky",27.4,Warm,22,Dry,2.57,"2025-10-29 17:18:09"
703,"Chicago,US","few clouds",12.49,Cold,65,Normal,9.26,"2025-10-29 17:18:09"
704,"Houston,US","clear sky",18.2,Cool,35,Normal,10.8,"2025-10-29 17:18:09"
705,"Phoenix,US","clear sky",27.53,Warm,16,Dry,9.26,"2025-10-29 17:18:09"
706,"Philadelphia,US","broken clouds",12.99,Cold,69,Normal,5.66,"2025-10-29 17:18:09"
707,"San Antonio,US","clear sky",17.74,Cool,25,Dry,10.29,"2025-10-29 17:18:09"
708,"San Diego,US","clear sky",26.5,Warm,30,Normal,2.06,"2025-10-29 17:18:09"
709,"Dallas,US","few clouds",16.03,Cool,33,Normal,15.95,"2025-10-29 17:18:09"
710,"San Jose,US","clear sky",18.34,Cool,61,Normal,1.34,"2025-10-29 17:18:09"
711,"Austin,US","clear sky",17.43,Cool,29,Dry,12.35,"2025-10-29 17:18:09"
712,"Jacksonville,US","scattered clouds",21.91,Cool,69,Normal,4.12,"2025-10-29 17:18:09"
713,"San Francisco,US","clear sky",19.36,Cool,67,Normal,2.68,"2025-10-29 17:18:09"
714,"Columbus,US","light rain",10.01,Cold,72,Humid,5.66,"2025-10-29 17:18:09"
715,"Fort Worth,US","clear sky",15.26,Cool,30,Normal,13.89,"2025-10-29 17:18:09"
716,"Charlotte,US",mist,10.7,Cold,94,Humid,4.63,"2025-10-29 17:18:09"
717,"Indianapolis,US","overcast clouds",10.4,Cold,69,Normal,6.69,"2025-10-29 17:18:10"
718,"Seattle,US","scattered clouds",11.09,Cold,85,Humid,5.14,"2025-10-29 17:18:10"
719,"Denver,US","clear sky",7.87,Cold,31,Normal,0.89,"2025-10-29 17:18:10"
720,"Washington,US","clear sky",7.46,Cold,80,Humid,1.52,"2025-10-29 17:18:10"
721,"New York,US","overcast clouds",12.31,Cold,68,Normal,6.17,"2025-10-29 17:19:09"
722,"Los Angeles,US","clear sky",27.4,Warm,22,Dry,2.57,"2025-10-29 17:19:09"
723,"Chicago,US","few clouds",12.49,Cold,65,Normal,9.26,"2025-10-29 17:19:09"
724,"Houston,US","clear sky",18.23,Cool,35,Normal,10.8,"2025-10-29 17:19:09"
725,"Phoenix,US","clear sky",27.57,Warm,16,Dry,9.26,"2025-10-29 17:19:09"
726,"Philadelphia,US","broken clouds",12.99,Cold,69,Normal,5.66,"2025-10-29 17:19:09"
727,"San Antonio,US","clear sky",17.75,Cool,25,Dry,10.29,"2025-10-29 17:19:09"
728,"San Diego,US","clear sky",26.5,Warm,30,Normal,2.06,"2025-10-29 17:19:09"
729,"Dallas,US","few clouds",16.02,Cool,33,Normal,15.95,"2025-10-29 17:19:09"
730,"San Jose,US","clear sky",18.28,Cool,62,Normal,1.34,"2025-10-29 17:19:09"
731,"Austin,US","clear sky",17.43,Cool,29,Dry,12.35,"2025-10-29 17:19:09"
732,"Jacksonville,US","scattered clouds",21.91,Cool,69,Normal,4.12,"2025-10-29 17:19:09"
733,"San Francisco,US","clear sky",19.33,Cool,67,Normal,2.68,"2025-10-29 17:19:09"
734,"Columbus,US","light rain",10,Cold,72,Humid,5.66,"2025-10-29 17:19:09"
735,"Fort Worth,US","clear sky",15.3,Cool,30,Normal,13.89,"2025-10-29 17:19:09"
736,"Charlotte,US",mist,10.67,Cold,94,Humid,4.63,"2025-10-29 17:19:09"
737,"Indianapolis,US","overcast clouds",10.45,Cold,69,Normal,6.69,"2025-10-29 17:19:09"
738,"Seattle,US","scattered clouds",11.09,Cold,85,Humid,5.14,"2025-10-29 17:19:09"
739,"Denver,US","clear sky",7.87,Cold,31,Normal,0.89,"2025-10-29 17:19:09"
740,"Washington,US","clear sky",7.46,Cold,80,Humid,1.52,"2025-10-29 17:19:09"
741,"New York,US","overcast clouds",12.31,Cold,68,Normal,6.17,"2025-10-29 17:20:09"
742,"Los Angeles,US","clear sky",27.4,Warm,22,Dry,2.57,"2025-10-29 17:20:09"
743,"Chicago,US","few clouds",12.49,Cold,65,Normal,9.26,"2025-10-29 17:20:09"
744,"Houston,US","clear sky",18.23,Cool,35,Normal,10.8,"2025-10-29 17:20:09"
745,"Phoenix,US","clear sky",27.57,Warm,16,Dry,9.26,"2025-10-29 17:20:09"
746,"Philadelphia,US","broken clouds",12.99,Cold,69,Normal,5.66,"2025-10-29 17:20:09"
747,"San Antonio,US","clear sky",17.75,Cool,25,Dry,10.29,"2025-10-29 17:20:09"
748,"San Diego,US","clear sky",26.5,Warm,30,Normal,2.06,"2025-10-29 17:20:09"
749,"Dallas,US","few clouds",16.02,Cool,33,Normal,15.95,"2025-10-29 17:20:09"
750,"San Jose,US","clear sky",18.28,Cool,62,Normal,1.34,"2025-10-29 17:20:09"
751,"Austin,US","clear sky",17.43,Cool,29,Dry,12.35,"2025-10-29 17:20:09"
752,"Jacksonville,US","scattered clouds",21.91,Cool,69,Normal,4.12,"2025-10-29 17:20:09"
753,"San Francisco,US","clear sky",19.33,Cool,67,Normal,2.68,"2025-10-29 17:20:09"
754,"Columbus,US","light rain",10,Cold,72,Humid,5.66,"2025-10-29 17:20:09"
755,"Fort Worth,US","clear sky",15.3,Cool,30,Normal,13.89,"2025-10-29 17:20:09"
756,"Charlotte,US",mist,10.67,Cold,94,Humid,4.63,"2025-10-29 17:20:09"
757,"Indianapolis,US","overcast clouds",10.45,Cold,69,Normal,6.69,"2025-10-29 17:20:09"
758,"Seattle,US","scattered clouds",11.09,Cold,85,Humid,5.14,"2025-10-29 17:20:10"
759,"Denver,US","clear sky",7.87,Cold,31,Normal,0.89,"2025-10-29 17:20:10"
760,"Washington,US","clear sky",7.46,Cold,80,Humid,1.52,"2025-10-29 17:20:10"
761,"New York,US","overcast clouds",12.31,Cold,68,Normal,6.17,"2025-10-29 17:21:09"
762,"Los Angeles,US","clear sky",27.4,Warm,22,Dry,2.57,"2025-10-29 17:21:09"
763,"Chicago,US","few clouds",12.49,Cold,65,Normal,9.26,"2025-10-29 17:21:09"
764,"Houston,US","clear sky",18.23,Cool,35,Normal,10.8,"2025-10-29 17:21:09"
765,"Phoenix,US","clear sky",27.57,Warm,16,Dry,9.26,"2025-10-29 17:21:09"
766,"Philadelphia,US","broken clouds",12.99,Cold,69,Normal,5.66,"2025-10-29 17:21:09"
767,"San Antonio,US","clear sky",17.75,Cool,25,Dry,10.29,"2025-10-29 17:21:09"
768,"San Diego,US","clear sky",26.5,Warm,30,Normal,2.06,"2025-10-29 17:21:09"
769,"Dallas,US","few clouds",16.02,Cool,33,Normal,15.95,"2025-10-29 17:21:09"
770,"San Jose,US","clear sky",18.28,Cool,62,Normal,1.34,"2025-10-29 17:21:09"
771,"Austin,US","clear sky",17.43,Cool,29,Dry,12.35,"2025-10-29 17:21:09"
772,"Jacksonville,US","scattered clouds",21.91,Cool,69,Normal,4.12,"2025-10-29 17:21:09"
773,"San Francisco,US","clear sky",19.33,Cool,67,Normal,2.68,"2025-10-29 17:21:09"
774,"Columbus,US","light rain",10,Cold,72,Humid,5.66,"2025-10-29 17:21:09"
775,"Fort Worth,US","clear sky",15.3,Cool,30,Normal,13.89,"2025-10-29 17:21:09"
776,"Charlotte,US",mist,10.67,Cold,94,Humid,4.63,"2025-10-29 17:21:09"
777,"Indianapolis,US","overcast clouds",10.45,Cold,69,Normal,6.69,"2025-10-29 17:21:09"
778,"Seattle,US","scattered clouds",11.09,Cold,85,Humid,5.14,"2025-10-29 17:21:10"
779,"Denver,US","clear sky",7.87,Cold,31,Normal,0.89,"2025-10-29 17:21:10"
780,"Washington,US","clear sky",7.46,Cold,80,Humid,1.52,"2025-10-29 17:21:10"
781,"New York,US","overcast clouds",12.31,Cold,68,Normal,6.17,"2025-10-29 17:22:09"
782,"Los Angeles,US","clear sky",27.31,Warm,22,Dry,2.57,"2025-10-29 17:22:09"
783,"Chicago,US","few clouds",12.49,Cold,65,Normal,9.26,"2025-10-29 17:22:09"
784,"Houston,US","clear sky",18.19,Cool,35,Normal,10.8,"2025-10-29 17:22:09"
785,"Phoenix,US","clear sky",27.89,Warm,15,Dry,9.26,"2025-10-29 17:22:09"
786,"Philadelphia,US","broken clouds",12.89,Cold,70,Humid,5.66,"2025-10-29 17:22:09"
787,"San Antonio,US","clear sky",18.03,Cool,24,Dry,10.29,"2025-10-29 17:22:09"
788,"San Diego,US","clear sky",27.49,Warm,28,Dry,0,"2025-10-29 17:22:09"
789,"Dallas,US","few clouds",16.2,Cool,33,Normal,15.95,"2025-10-29 17:22:09"
790,"San Jose,US","clear sky",18.75,Cool,62,Normal,0.89,"2025-10-29 17:22:09"
791,"Austin,US","clear sky",17.53,Cool,28,Dry,12.35,"2025-10-29 17:22:09"
792,"Jacksonville,US","scattered clouds",21.8,Cool,69,Normal,4.12,"2025-10-29 17:22:09"
793,"San Francisco,US","clear sky",19.62,Cool,66,Normal,2.24,"2025-10-29 17:22:09"
794,"Columbus,US","light rain",10.11,Cold,73,Humid,5.66,"2025-10-29 17:22:09"
795,"Fort Worth,US","clear sky",15.34,Cool,30,Normal,13.89,"2025-10-29 17:22:09"
796,"Charlotte,US","light intensity drizzle",10.77,Cold,94,Humid,3.09,"2025-10-29 17:22:09"
797,"Indianapolis,US","overcast clouds",10.32,Cold,69,Normal,6.69,"2025-10-29 17:22:09"
798,"Seattle,US","scattered clouds",11.29,Cold,84,Humid,5.14,"2025-10-29 17:22:09"
799,"Denver,US","clear sky",8.4,Cold,30,Normal,0.89,"2025-10-29 17:22:09"
800,"Washington,US","clear sky",7.91,Cold,80,Humid,1.52,"2025-10-29 17:22:10"
801,"New York,US","overcast clouds",12.35,Cold,68,Normal,6.17,"2025-10-29 17:23:09"
802,"Los Angeles,US","clear sky",27.31,Warm,22,Dry,2.57,"2025-10-29 17:23:09"
803,"Chicago,US","few clouds",12.49,Cold,65,Normal,9.26,"2025-10-29 17:23:09"
804,"Houston,US","clear sky",18.19,Cool,35,Normal,10.8,"2025-10-29 17:23:09"
805,"Phoenix,US","clear sky",27.89,Warm,15,Dry,9.26,"2025-10-29 17:23:09"
806,"Philadelphia,US","broken clouds",12.89,Cold,70,Humid,5.66,"2025-10-29 17:23:09"
807,"San Antonio,US","clear sky",18.03,Cool,24,Dry,10.29,"2025-10-29 17:23:09"
808,"San Diego,US","clear sky",27.49,Warm,28,Dry,0,"2025-10-29 17:23:09"
809,"Dallas,US","few clouds",16.2,Cool,33,Normal,15.95,"2025-10-29 17:23:09"
810,"San Jose,US","clear sky",18.75,Cool,62,Normal,0.89,"2025-10-29 17:23:09"
811,"Austin,US","clear sky",17.53,Cool,28,Dry,12.35,"2025-10-29 17:23:09"
812,"Jacksonville,US","scattered clouds",21.8,Cool,69,Normal,4.12,"2025-10-29 17:23:09"
813,"San Francisco,US","clear sky",19.62,Cool,66,Normal,2.24,"2025-10-29 17:23:09"
814,"Columbus,US","light rain",10.11,Cold,73,Humid,5.66,"2025-10-29 17:23:09"
815,"Fort Worth,US","clear sky",15.34,Cool,30,Normal,13.89,"2025-10-29 17:23:09"
816,"Charlotte,US","light intensity drizzle",10.77,Cold,94,Humid,3.09,"2025-10-29 17:23:09"
817,"Indianapolis,US","overcast clouds",10.32,Cold,69,Normal,6.69,"2025-10-29 17:23:09"
818,"Seattle,US","scattered clouds",11.29,Cold,84,Humid,5.14,"2025-10-29 17:23:09"
819,"Denver,US","clear sky",8.4,Cold,30,Normal,0.89,"2025-10-29 17:23:09"
820,"Washington,US","clear sky",7.91,Cold,80,Humid,1.52,"2025-10-29 17:23:10"
821,"New York,US","overcast clouds",12.35,Cold,68,Normal,6.17,"2025-10-29 17:24:09"
822,"Los Angeles,US","clear sky",27.31,Warm,22,Dry,2.57,"2025-10-29 17:24:09"
823,"Chicago,US","few clouds",12.49,Cold,65,Normal,9.26,"2025-10-29 17:24:09"
824,"Houston,US","clear sky",18.19,Cool,35,Normal,10.8,"2025-10-29 17:24:09"
825,"Phoenix,US","clear sky",27.89,Warm,15,Dry,9.26,"2025-10-29 17:24:09"
826,"Philadelphia,US","broken clouds",12.89,Cold,70,Humid,5.66,"2025-10-29 17:24:09"
827,"San Antonio,US","clear sky",18.03,Cool,24,Dry,10.29,"2025-10-29 17:24:09"
828,"San Diego,US","clear sky",27.49,Warm,28,Dry,0,"2025-10-29 17:24:09"
829,"Dallas,US","few clouds",16.2,Cool,33,Normal,15.95,"2025-10-29 17:24:09"
830,"San Jose,US","clear sky",18.75,Cool,62,Normal,0.89,"2025-10-29 17:24:09"
831,"Austin,US","clear sky",17.53,Cool,28,Dry,12.35,"2025-10-29 17:24:09"
832,"Jacksonville,US","scattered clouds",21.8,Cool,69,Normal,4.12,"2025-10-29 17:24:09"
833,"San Francisco,US","clear sky",19.62,Cool,66,Normal,2.24,"2025-10-29 17:24:09"
834,"Columbus,US","light rain",10.11,Cold,73,Humid,5.66,"2025-10-29 17:24:09"
835,"Fort Worth,US","clear sky",15.34,Cool,30,Normal,13.89,"2025-10-29 17:24:09"
836,"Charlotte,US","light intensity drizzle",10.77,Cold,94,Humid,3.09,"2025-10-29 17:24:09"
837,"Indianapolis,US","overcast clouds",10.32,Cold,69,Normal,6.69,"2025-10-29 17:24:09"
838,"Seattle,US","scattered clouds",11.29,Cold,84,Humid,5.14,"2025-10-29 17:24:10"
839,"Denver,US","clear sky",8.4,Cold,30,Normal,0.89,"2025-10-29 17:24:10"
840,"Washington,US","clear sky",7.91,Cold,80,Humid,1.52,"2025-10-29 17:24:10"
841,"New York,US","overcast clouds",12.35,Cold,68,Normal,6.17,"2025-10-29 17:25:09"
842,"Los Angeles,US","clear sky",27.31,Warm,22,Dry,2.57,"2025-10-29 17:25:09"
843,"Chicago,US","few clouds",12.49,Cold,65,Normal,9.26,"2025-10-29 17:25:09"
844,"Houston,US","clear sky",18.19,Cool,35,Normal,10.8,"2025-10-29 17:25:09"
845,"Phoenix,US","clear sky",27.89,Warm,15,Dry,9.26,"2025-10-29 17:25:09"
846,"Philadelphia,US","broken clouds",12.89,Cold,70,Humid,5.66,"2025-10-29 17:25:09"
847,"San Antonio,US","clear sky",18.03,Cool,24,Dry,10.29,"2025-10-29 17:25:09"
848,"San Diego,US","clear sky",27.49,Warm,28,Dry,0,"2025-10-29 17:25:09"
849,"Dallas,US","few clouds",16.2,Cool,33,Normal,15.95,"2025-10-29 17:25:09"
850,"San Jose,US","clear sky",18.75,Cool,62,Normal,0.89,"2025-10-29 17:25:09"
851,"Austin,US","clear sky",17.53,Cool,28,Dry,12.35,"2025-10-29 17:25:09"
852,"Jacksonville,US","scattered clouds",21.8,Cool,69,Normal,4.12,"2025-10-29 17:25:09"
853,"San Francisco,US","clear sky",19.62,Cool,66,Normal,2.24,"2025-10-29 17:25:09"
854,"Columbus,US","light rain",10.11,Cold,73,Humid,5.66,"2025-10-29 17:25:09"
855,"Fort Worth,US","clear sky",15.34,Cool,30,Normal,13.89,"2025-10-29 17:25:09"
856,"Charlotte,US","light intensity drizzle",10.77,Cold,94,Humid,3.09,"2025-10-29 17:25:09"
857,"Indianapolis,US","overcast clouds",10.32,Cold,69,Normal,6.69,"2025-10-29 17:25:10"
858,"Seattle,US","scattered clouds",11.29,Cold,84,Humid,5.14,"2025-10-29 17:25:10"
859,"Denver,US","clear sky",8.4,Cold,30,Normal,0.89,"2025-10-29 17:25:10"
860,"Washington,US","clear sky",7.91,Cold,80,Humid,1.52,"2025-10-29 17:25:10"
861,"New York,US","overcast clouds",12.35,Cold,68,Normal,6.17,"2025-10-29 17:26:09"
862,"Los Angeles,US","clear sky",27.69,Warm,21,Dry,2.57,"2025-10-29 17:26:09"
863,"Chicago,US","few clouds",12.41,Cold,65,Normal,9.26,"2025-10-29 17:26:09"
864,"Houston,US","clear sky",18.29,Cool,35,Normal,10.8,"2025-10-29 17:26:09"
865,"Phoenix,US","clear sky",27.9,Warm,16,Dry,9.26,"2025-10-29 17:26:09"
866,"Philadelphia,US","broken clouds",12.87,Cold,70,Humid,5.66,"2025-10-29 17:26:09"
867,"San Antonio,US","clear sky",18.1,Cool,25,Dry,10.29,"2025-10-29 17:26:09"
868,"San Diego,US","clear sky",27.47,Warm,27,Dry,0,"2025-10-29 17:26:09"
869,"Dallas,US","few clouds",16.17,Cool,32,Normal,15.95,"2025-10-29 17:26:09"
870,"San Jose,US","clear sky",18.53,Cool,62,Normal,0.89,"2025-10-29 17:26:09"
871,"Austin,US","clear sky",17.58,Cool,28,Dry,12.35,"2025-10-29 17:26:09"
872,"Jacksonville,US","scattered clouds",22.02,Cool,69,Normal,4.12,"2025-10-29 17:26:09"
873,"San Francisco,US","clear sky",19.67,Cool,66,Normal,2.24,"2025-10-29 17:26:10"
874,"Columbus,US","light rain",10.11,Cold,73,Humid,5.66,"2025-10-29 17:26:10"
875,"Fort Worth,US","clear sky",15.38,Cool,30,Normal,13.89,"2025-10-29 17:26:10"
876,"Charlotte,US","light intensity drizzle",10.79,Cold,94,Humid,3.09,"2025-10-29 17:26:10"
877,"Indianapolis,US","overcast clouds",10.74,Cold,69,Normal,6.69,"2025-10-29 17:26:10"
878,"Seattle,US","scattered clouds",11.33,Cold,83,Humid,5.14,"2025-10-29 17:26:10"
879,"Denver,US","clear sky",8.15,Cold,30,Normal,1.79,"2025-10-29 17:26:10"
880,"Washington,US","clear sky",8,Cold,79,Humid,1.52,"2025-10-29 17:26:10"
881,"New York,US","overcast clouds",12.35,Cold,68,Normal,6.17,"2025-10-29 17:27:09"
882,"Los Angeles,US","clear sky",27.69,Warm,21,Dry,2.57,"2025-10-29 17:27:09"
883,"Chicago,US","few clouds",12.41,Cold,65,Normal,9.26,"2025-10-29 17:27:09"
884,"Houston,US","clear sky",18.29,Cool,35,Normal,10.8,"2025-10-29 17:27:09"
885,"Phoenix,US","clear sky",27.9,Warm,16,Dry,9.26,"2025-10-29 17:27:09"
886,"Philadelphia,US","broken clouds",12.87,Cold,70,Humid,5.66,"2025-10-29 17:27:09"
887,"San Antonio,US","clear sky",18.1,Cool,25,Dry,10.29,"2025-10-29 17:27:09"
888,"San Diego,US","clear sky",27.47,Warm,27,Dry,0,"2025-10-29 17:27:09"
889,"Dallas,US","few clouds",16.17,Cool,32,Normal,15.95,"2025-10-29 17:27:09"
890,"San Jose,US","clear sky",18.53,Cool,62,Normal,0.89,"2025-10-29 17:27:09"
891,"Austin,US","clear sky",17.58,Cool,28,Dry,12.35,"2025-10-29 17:27:09"
892,"Jacksonville,US","scattered clouds",22.02,Cool,69,Normal,4.12,"2025-10-29 17:27:09"
893,"San Francisco,US","clear sky",19.67,Cool,66,Normal,2.24,"2025-10-29 17:27:09"
894,"Columbus,US","light rain",10.11,Cold,73,Humid,5.66,"2025-10-29 17:27:09"
895,"Fort Worth,US","clear sky",15.38,Cool,30,Normal,13.89,"2025-10-29 17:27:09"
896,"Charlotte,US","light intensity drizzle",10.79,Cold,94,Humid,3.09,"2025-10-29 17:27:10"
897,"Indianapolis,US","overcast clouds",10.74,Cold,69,Normal,6.69,"2025-10-29 17:27:10"
898,"Seattle,US","scattered clouds",11.33,Cold,83,Humid,5.14,"2025-10-29 17:27:10"
899,"Denver,US","clear sky",8.15,Cold,30,Normal,1.79,"2025-10-29 17:27:10"
900,"Washington,US","clear sky",8,Cold,79,Humid,1.52,"2025-10-29 17:27:10"
901,"New York,US","overcast clouds",12.31,Cold,68,Normal,6.17,"2025-10-29 17:28:09"
902,"Los Angeles,US","clear sky",27.69,Warm,21,Dry,2.57,"2025-10-29 17:28:09"
903,"Chicago,US","few clouds",12.49,Cold,65,Normal,9.26,"2025-10-29 17:28:09"
904,"Houston,US","clear sky",18.29,Cool,35,Normal,10.8,"2025-10-29 17:28:09"
905,"Phoenix,US","clear sky",27.92,Warm,16,Dry,9.26,"2025-10-29 17:28:09"
906,"Philadelphia,US","broken clouds",12.88,Cold,70,Humid,5.66,"2025-10-29 17:28:09"
907,"San Antonio,US","clear sky",17.98,Cool,25,Dry,10.29,"2025-10-29 17:28:09"
908,"San Diego,US","clear sky",27.46,Warm,27,Dry,0,"2025-10-29 17:28:09"
909,"Dallas,US","few clouds",16.23,Cool,32,Normal,15.95,"2025-10-29 17:28:09"
910,"San Jose,US","clear sky",18.69,Cool,62,Normal,0.89,"2025-10-29 17:28:09"
911,"Austin,US","clear sky",17.52,Cool,28,Dry,12.35,"2025-10-29 17:28:09"
912,"Jacksonville,US","scattered clouds",22.02,Cool,69,Normal,4.12,"2025-10-29 17:28:09"
913,"San Francisco,US","clear sky",19.67,Cool,64,Normal,2.24,"2025-10-29 17:28:09"
914,"Columbus,US","light rain",10.03,Cold,73,Humid,5.66,"2025-10-29 17:28:09"
915,"Fort Worth,US","clear sky",15.4,Cool,30,Normal,13.89,"2025-10-29 17:28:09"
916,"Charlotte,US","light intensity drizzle",10.79,Cold,94,Humid,3.09,"2025-10-29 17:28:09"
917,"Indianapolis,US","overcast clouds",10.74,Cold,69,Normal,6.69,"2025-10-29 17:28:09"
918,"Seattle,US","scattered clouds",11.36,Cold,83,Humid,5.14,"2025-10-29 17:28:10"
919,"Denver,US","clear sky",8.15,Cold,30,Normal,1.79,"2025-10-29 17:28:10"
920,"Washington,US","clear sky",8,Cold,79,Humid,1.52,"2025-10-29 17:28:10"
921,"New York,US","overcast clouds",12.25,Cold,68,Normal,6.17,"2025-10-29 17:29:09"
922,"Los Angeles,US","clear sky",27.69,Warm,21,Dry,2.57,"2025-10-29 17:29:09"
923,"Chicago,US","few clouds",12.49,Cold,65,Normal,9.26,"2025-10-29 17:29:09"
924,"Houston,US","clear sky",18.29,Cool,35,Normal,10.8,"2025-10-29 17:29:09"
925,"Phoenix,US","clear sky",27.92,Warm,16,Dry,9.26,"2025-10-29 17:29:09"
926,"Philadelphia,US","broken clouds",12.88,Cold,70,Humid,5.66,"2025-10-29 17:29:09"
927,"San Antonio,US","clear sky",17.98,Cool,25,Dry,10.29,"2025-10-29 17:29:09"
928,"San Diego,US","clear sky",27.46,Warm,27,Dry,0,"2025-10-29 17:29:09"
929,"Dallas,US","few clouds",16.23,Cool,32,Normal,15.95,"2025-10-29 17:29:09"
930,"San Jose,US","clear sky",18.69,Cool,62,Normal,0.89,"2025-10-29 17:29:09"
931,"Austin,US","clear sky",17.52,Cool,28,Dry,12.35,"2025-10-29 17:29:09"
932,"Jacksonville,US","scattered clouds",22.02,Cool,69,Normal,4.12,"2025-10-29 17:29:09"
933,"San Francisco,US","clear sky",19.67,Cool,64,Normal,2.24,"2025-10-29 17:29:09"
934,"Columbus,US","light rain",10.03,Cold,73,Humid,5.66,"2025-10-29 17:29:09"
935,"Fort Worth,US","clear sky",15.4,Cool,30,Normal,13.89,"2025-10-29 17:29:09"
936,"Charlotte,US","light intensity drizzle",10.79,Cold,94,Humid,3.09,"2025-10-29 17:29:09"
937,"Indianapolis,US","overcast clouds",10.74,Cold,69,Normal,6.69,"2025-10-29 17:29:09"
938,"Seattle,US","scattered clouds",11.36,Cold,83,Humid,5.14,"2025-10-29 17:29:10"
939,"Denver,US","clear sky",8.15,Cold,30,Normal,1.79,"2025-10-29 17:29:10"
940,"Washington,US","clear sky",8,Cold,79,Humid,1.52,"2025-10-29 17:29:10"
941,"New York,US","overcast clouds",12.25,Cold,68,Normal,6.17,"2025-10-29 17:30:09"
942,"Los Angeles,US","clear sky",27.69,Warm,21,Dry,2.57,"2025-10-29 17:30:09"
943,"Chicago,US","few clouds",12.57,Cold,65,Normal,9.26,"2025-10-29 17:30:09"
944,"Houston,US","clear sky",18.29,Cool,35,Normal,10.8,"2025-10-29 17:30:09"
945,"Phoenix,US","clear sky",27.92,Warm,16,Dry,9.26,"2025-10-29 17:30:09"
946,"Philadelphia,US","broken clouds",12.88,Cold,70,Humid,5.66,"2025-10-29 17:30:09"
947,"San Antonio,US","clear sky",17.98,Cool,25,Dry,10.29,"2025-10-29 17:30:09"
948,"San Diego,US","clear sky",27.46,Warm,27,Dry,0,"2025-10-29 17:30:09"
949,"Dallas,US","few clouds",16.23,Cool,32,Normal,15.95,"2025-10-29 17:30:09"
950,"San Jose,US","clear sky",18.69,Cool,62,Normal,0.89,"2025-10-29 17:30:09"
951,"Austin,US","clear sky",17.52,Cool,28,Dry,12.35,"2025-10-29 17:30:09"
952,"Jacksonville,US","scattered clouds",22.02,Cool,69,Normal,4.12,"2025-10-29 17:30:09"
953,"San Francisco,US","clear sky",19.67,Cool,64,Normal,2.24,"2025-10-29 17:30:09"
954,"Columbus,US","light rain",10.03,Cold,73,Humid,5.66,"2025-10-29 17:30:09"
955,"Fort Worth,US","clear sky",15.4,Cool,30,Normal,13.89,"2025-10-29 17:30:09"
956,"Charlotte,US","light intensity drizzle",10.79,Cold,94,Humid,3.09,"2025-10-29 17:30:09"
957,"Indianapolis,US","overcast clouds",10.74,Cold,69,Normal,6.69,"2025-10-29 17:30:09"
958,"Seattle,US","scattered clouds",11.36,Cold,83,Humid,5.14,"2025-10-29 17:30:10"
959,"Denver,US","clear sky",8.15,Cold,30,Normal,1.79,"2025-10-29 17:30:10"
960,"Washington,US","clear sky",8,Cold,79,Humid,1.52,"2025-10-29 17:30:10"
961,"New York,US","overcast clouds",12.25,Cold,68,Normal,6.17,"2025-10-29 17:31:09"
962,"Los Angeles,US","clear sky",27.93,Warm,21,Dry,2.57,"2025-10-29 17:31:09"
963,"Chicago,US","few clouds",12.48,Cold,65,Normal,9.26,"2025-10-29 17:31:09"
964,"Houston,US","clear sky",18.51,Cool,34,Normal,10.8,"2025-10-29 17:31:09"
965,"Phoenix,US","clear sky",27.92,Warm,16,Dry,9.26,"2025-10-29 17:31:09"
966,"Philadelphia,US","broken clouds",13.04,Cold,69,Normal,5.66,"2025-10-29 17:31:09"
967,"San Antonio,US","clear sky",18.11,Cool,25,Dry,10.29,"2025-10-29 17:31:09"
968,"San Diego,US","clear sky",27.56,Warm,27,Dry,0.45,"2025-10-29 17:31:09"
969,"Dallas,US","few clouds",16.38,Cool,32,Normal,15.95,"2025-10-29 17:31:09"
970,"San Jose,US","clear sky",19.32,Cool,60,Normal,0.89,"2025-10-29 17:31:09"
971,"Austin,US","clear sky",17.72,Cool,27,Dry,12.35,"2025-10-29 17:31:09"
972,"Jacksonville,US","scattered clouds",21.96,Cool,69,Normal,4.12,"2025-10-29 17:31:09"
973,"San Francisco,US","clear sky",19.75,Cool,64,Normal,2.24,"2025-10-29 17:31:09"
974,"Columbus,US","light rain",10.03,Cold,73,Humid,5.66,"2025-10-29 17:31:09"
975,"Fort Worth,US","clear sky",15.43,Cool,30,Normal,13.89,"2025-10-29 17:31:09"
976,"Charlotte,US","light intensity drizzle",10.64,Cold,93,Humid,3.09,"2025-10-29 17:31:09"
977,"Indianapolis,US","overcast clouds",10.74,Cold,69,Normal,6.69,"2025-10-29 17:31:09"
978,"Seattle,US","scattered clouds",11.37,Cold,83,Humid,5.14,"2025-10-29 17:31:09"
979,"Denver,US","clear sky",8.39,Cold,30,Normal,1.34,"2025-10-29 17:31:09"
980,"Washington,US","clear sky",8.02,Cold,79,Humid,1.51,"2025-10-29 17:31:10"
981,"New York,US","overcast clouds",12.25,Cold,68,Normal,6.17,"2025-10-29 17:32:09"
982,"Los Angeles,US","clear sky",27.93,Warm,21,Dry,2.57,"2025-10-29 17:32:09"
983,"Chicago,US","few clouds",12.48,Cold,65,Normal,9.26,"2025-10-29 17:32:09"
984,"Houston,US","clear sky",18.51,Cool,34,Normal,10.8,"2025-10-29 17:32:09"
985,"Phoenix,US","clear sky",27.92,Warm,16,Dry,9.26,"2025-10-29 17:32:09"
986,"Philadelphia,US","broken clouds",13.04,Cold,69,Normal,5.66,"2025-10-29 17:32:09"
987,"San Antonio,US","clear sky",18.11,Cool,25,Dry,10.29,"2025-10-29 17:32:09"
988,"San Diego,US","clear sky",27.56,Warm,27,Dry,0.45,"2025-10-29 17:32:09"
989,"Dallas,US","few clouds",16.38,Cool,32,Normal,15.95,"2025-10-29 17:32:09"
990,"San Jose,US","clear sky",19.32,Cool,60,Normal,0.89,"2025-10-29 17:32:09"
991,"Austin,US","clear sky",17.72,Cool,27,Dry,12.35,"2025-10-29 17:32:09"
992,"Jacksonville,US","scattered clouds",21.96,Cool,69,Normal,4.12,"2025-10-29 17:32:09"
993,"San Francisco,US","clear sky",19.75,Cool,64,Normal,2.24,"2025-10-29 17:32:09"
994,"Columbus,US","light rain",10.03,Cold,73,Humid,5.66,"2025-10-29 17:32:09"
995,"Fort Worth,US","clear sky",15.43,Cool,30,Normal,13.89,"2025-10-29 17:32:09"
996,"Charlotte,US","light intensity drizzle",10.64,Cold,93,Humid,3.09,"2025-10-29 17:32:09"
997,"Indianapolis,US","overcast clouds",10.74,Cold,69,Normal,6.69,"2025-10-29 17:32:09"
998,"Seattle,US","scattered clouds",11.37,Cold,83,Humid,5.14,"2025-10-29 17:32:10"
999,"Denver,US","clear sky",8.39,Cold,30,Normal,1.34,"2025-10-29 17:32:10"
1000,"Washington,US","clear sky",8.02,Cold,79,Humid,1.51,"2025-10-29 17:32:10"
